source_id	state	ref	reviewed
youtube-mB9ta-By88M	captions-acquired	e051201d29f6f0993d1541173d57aed305449ac3	false
youtube-gemBQAsdfkc	unavailable	e051201d29f6f0993d1541173d57aed305449ac3	false
youtube-syyJEaxHEck	unavailable	e051201d29f6f0993d1541173d57aed305449ac3	false
youtube-unwAKlCdyas	unavailable	e051201d29f6f0993d1541173d57aed305449ac3	false
youtube-Q0N-f7J36HE	captions-acquired	e051201d29f6f0993d1541173d57aed305449ac3	false
youtube-pzjjB7EcuE0	unavailable	e051201d29f6f0993d1541173d57aed305449ac3	false
youtube-QUX76rwzBTc	unavailable	e051201d29f6f0993d1541173d57aed305449ac3	false
youtube-3uvc5v4ssJM	unavailable	e051201d29f6f0993d1541173d57aed305449ac3	false
youtube-wSn2YGY4rCY	captions-acquired	e051201d29f6f0993d1541173d57aed305449ac3	false
youtube-p5OMLjjts1c	unavailable	e051201d29f6f0993d1541173d57aed305449ac3	false
youtube-QUubgWPLctk	captions-acquired	e051201d29f6f0993d1541173d57aed305449ac3	false
youtube-0m-nBL2N8l4	captions-acquired	e051201d29f6f0993d1541173d57aed305449ac3	false
youtube-X3Crh_URvrk	captions-acquired	e051201d29f6f0993d1541173d57aed305449ac3	false
youtube-qQJ6LCOSvmI	unavailable	e051201d29f6f0993d1541173d57aed305449ac3	false
youtube-sxtFoODc9vw	captions-acquired	e051201d29f6f0993d1541173d57aed305449ac3	false
youtube-H9LYrjbFj6I	captions-acquired	e051201d29f6f0993d1541173d57aed305449ac3	false
youtube-lv9YjOHAh_0	captions-acquired	e051201d29f6f0993d1541173d57aed305449ac3	false
youtube-rYnXOYkwAdw	unavailable	e051201d29f6f0993d1541173d57aed305449ac3	false
youtube-qyVHzJ40JqM	unavailable	e051201d29f6f0993d1541173d57aed305449ac3	false
youtube-KnUFH5GX_fI	unavailable	e051201d29f6f0993d1541173d57aed305449ac3	false
youtube--SunMqEV-kE	captions-acquired	e051201d29f6f0993d1541173d57aed305449ac3	false
youtube-s4moCCh2zDE	captions-acquired	e051201d29f6f0993d1541173d57aed305449ac3	false
youtube-rxRyxD8-tyM	unavailable	e051201d29f6f0993d1541173d57aed305449ac3	false
youtube-vnkm0Dvn_Ys	captions-acquired	e051201d29f6f0993d1541173d57aed305449ac3	false
youtube-sAHuBJ6tOUc	captions-acquired	e051201d29f6f0993d1541173d57aed305449ac3	false
youtube-CWuOrHAEr-k	captions-acquired	e051201d29f6f0993d1541173d57aed305449ac3	false
