source_id	path	status	scope	citation	edition	location	eligible	sha256	authority
youtube--9g13eqgN2I	sources/videos/youtube--9g13eqgN2I.md	metadata-only	playlist metadata only	https://www.youtube.com/watch?v=-9g13eqgN2I	atomic snapshot 2e075ce7c3c1fd008b880f9130bc33304ef6d4a4	source metadata	false	8b68a830c875133a5e4dc72e1d0b51c3e25da554c35789661844977523d1b18a	
youtube--IUZWwMm7nY	sources/videos/youtube--IUZWwMm7nY.md	metadata-only	playlist metadata only	https://www.youtube.com/watch?v=-IUZWwMm7nY	atomic snapshot 2e075ce7c3c1fd008b880f9130bc33304ef6d4a4	source metadata	false	e3768b44ebd6ce20ebddde5d9a7758afceeba78e295ad66d657767294c35fee7	
youtube--SunMqEV-kE	sources/videos/youtube--SunMqEV-kE.md	metadata-only	playlist metadata only	https://www.youtube.com/watch?v=-SunMqEV-kE	atomic snapshot 2e075ce7c3c1fd008b880f9130bc33304ef6d4a4	source metadata	false	7226c18d2c2d5c22cd060368d5d1fc031b970f55b50f4ccd56e640c00c0065d2	
youtube--kbDLUHZFqU	sources/videos/youtube--kbDLUHZFqU.md	metadata-only	playlist metadata only	https://www.youtube.com/watch?v=-kbDLUHZFqU	atomic snapshot 2e075ce7c3c1fd008b880f9130bc33304ef6d4a4	source metadata	false	eb4b5c9b16010e1095a3ea0c4fb219057c60621a0ead244e02d2b43c5a4c46b3	
youtube-00kNA_uTkOc	sources/videos/youtube-00kNA_uTkOc.md	metadata-only	playlist metadata only	https://www.youtube.com/watch?v=00kNA_uTkOc	atomic snapshot 2e075ce7c3c1fd008b880f9130bc33304ef6d4a4	source metadata	false	80eb9e5b4af8872b148d1e472c41e19671a06521edeee6fc28d9a3ccd5da79d7	
youtube-0AKEWSh9jz8	sources/videos/youtube-0AKEWSh9jz8.md	metadata-only	playlist metadata only	https://www.youtube.com/watch?v=0AKEWSh9jz8	atomic snapshot 2e075ce7c3c1fd008b880f9130bc33304ef6d4a4	source metadata	false	dfa4b731a9850666a95618e58908eca7f053845472d07fe8bd3513073b68b62a	
youtube-0Cf8mJ83buo	sources/videos/youtube-0Cf8mJ83buo.md	metadata-only	playlist metadata only	https://www.youtube.com/watch?v=0Cf8mJ83buo	atomic snapshot 2e075ce7c3c1fd008b880f9130bc33304ef6d4a4	source metadata	false	40371aa25e65908d5c54b67ccb21d39c64a69f3969266b2fb7ac5a892520c4c2	
youtube-0I0cqn6uQCQ	sources/videos/youtube-0I0cqn6uQCQ.md	metadata-only	playlist metadata only	https://www.youtube.com/watch?v=0I0cqn6uQCQ	atomic snapshot 2e075ce7c3c1fd008b880f9130bc33304ef6d4a4	source metadata	false	328fac819ed8ddf534c133f401c10576e9ef8aea95d7b189f8daa1c96b53ceed	
youtube-0XED-FicmcQ	sources/videos/youtube-0XED-FicmcQ.md	metadata-only	playlist metadata only	https://www.youtube.com/watch?v=0XED-FicmcQ	atomic snapshot 2e075ce7c3c1fd008b880f9130bc33304ef6d4a4	source metadata	false	4840bd46280c1eb35594bd414922161dc580324ec071225f164ecb2d91d0408d	
youtube-0m-nBL2N8l4	sources/videos/youtube-0m-nBL2N8l4.md	metadata-only	playlist metadata only	https://www.youtube.com/watch?v=0m-nBL2N8l4	atomic snapshot 2e075ce7c3c1fd008b880f9130bc33304ef6d4a4	source metadata	false	a936611aa298195e7dddab8b2b85664e67eac0bf3c3efad993119b29ff6fafb2	
youtube-1O1dOgG9cII	sources/videos/youtube-1O1dOgG9cII.md	metadata-only	playlist metadata only	https://www.youtube.com/watch?v=1O1dOgG9cII	atomic snapshot 2e075ce7c3c1fd008b880f9130bc33304ef6d4a4	source metadata	false	c34065e059ce316faadf48f3752762efb9fc4bc5aa9c4d38c19698fff9b2b833	
youtube-1wwq1Vlk4Wg	sources/videos/youtube-1wwq1Vlk4Wg.md	metadata-only	playlist metadata only	https://www.youtube.com/watch?v=1wwq1Vlk4Wg	atomic snapshot 2e075ce7c3c1fd008b880f9130bc33304ef6d4a4	source metadata	false	baca60d55230b06bbccd4693cc8859cb418dffe7a20a31dad927c8216dd85e3d	
youtube-2Ll5jA1tZEw	sources/videos/youtube-2Ll5jA1tZEw.md	metadata-only	playlist metadata only	https://www.youtube.com/watch?v=2Ll5jA1tZEw	atomic snapshot 2e075ce7c3c1fd008b880f9130bc33304ef6d4a4	source metadata	false	62d341a30852427f4d5d72aa7166181004d04972f16b13720b8b34ee694207d2	
youtube-3fEJ7o_yLFI	sources/videos/youtube-3fEJ7o_yLFI.md	metadata-only	playlist metadata only	https://www.youtube.com/watch?v=3fEJ7o_yLFI	atomic snapshot 2e075ce7c3c1fd008b880f9130bc33304ef6d4a4	source metadata	false	236774d00cee7c94fc501ec81b06b6f81a96df022fbdf74fdddb0e0df5d1e019	
youtube-3uvc5v4ssJM	sources/videos/youtube-3uvc5v4ssJM.md	metadata-only	playlist metadata only	https://www.youtube.com/watch?v=3uvc5v4ssJM	atomic snapshot 2e075ce7c3c1fd008b880f9130bc33304ef6d4a4	source metadata	false	3df3361ac7dbdbf0d4f46531fc1f073428f4fafdfc348c00a15edaf74b582a68	
youtube-46KgDEyD0Pc	sources/videos/youtube-46KgDEyD0Pc.md	metadata-only	playlist metadata only	https://www.youtube.com/watch?v=46KgDEyD0Pc	atomic snapshot 2e075ce7c3c1fd008b880f9130bc33304ef6d4a4	source metadata	false	1d91d0863fa5fdb64f6c840e20edb854390533b821c7c0d9b993c716632c5166	
youtube-4S8MFQ74Cvw	sources/videos/youtube-4S8MFQ74Cvw.md	metadata-only	playlist metadata only	https://www.youtube.com/watch?v=4S8MFQ74Cvw	atomic snapshot 2e075ce7c3c1fd008b880f9130bc33304ef6d4a4	source metadata	false	bc34494640e5fa13d7161aaa7bd9243f19e8249d9bb6fc8efb16bd0ac14efdeb	
youtube-58UhYZbj-CM	sources/videos/youtube-58UhYZbj-CM.md	metadata-only	playlist metadata only	https://www.youtube.com/watch?v=58UhYZbj-CM	atomic snapshot 2e075ce7c3c1fd008b880f9130bc33304ef6d4a4	source metadata	false	c59ce15e12d308e1fea00b193a9031ec47d62a9d0f6ce93a05d7b79a2ac8efb9	
youtube-5e79GU6NyLI	sources/videos/youtube-5e79GU6NyLI.md	metadata-only	playlist metadata only	https://www.youtube.com/watch?v=5e79GU6NyLI	atomic snapshot 2e075ce7c3c1fd008b880f9130bc33304ef6d4a4	source metadata	false	efaa701ce69d0efdeebfad0e02dbfb16455e290dc5e67cf565fbfc8d2f5c0908	
youtube-5rTZ7wJUDhc	sources/videos/youtube-5rTZ7wJUDhc.md	metadata-only	playlist metadata only	https://www.youtube.com/watch?v=5rTZ7wJUDhc	atomic snapshot 2e075ce7c3c1fd008b880f9130bc33304ef6d4a4	source metadata	false	81d3d5758e258ffc21a403b8145ee5f3b33caba0cc192c4d6f9b81f5461c0151	
youtube-79IpIcOIex4	sources/videos/youtube-79IpIcOIex4.md	metadata-only	playlist metadata only	https://www.youtube.com/watch?v=79IpIcOIex4	atomic snapshot 2e075ce7c3c1fd008b880f9130bc33304ef6d4a4	source metadata	false	992b3a50212a1d9a27a55170a95a6dbcb266525fc9fd29df51c198bb16414c68	
youtube-7dcMALEKBCc	sources/videos/youtube-7dcMALEKBCc.md	metadata-only	playlist metadata only	https://www.youtube.com/watch?v=7dcMALEKBCc	atomic snapshot 2e075ce7c3c1fd008b880f9130bc33304ef6d4a4	source metadata	false	d5179baa1874207458fac371efd8675f475fbb5f4e00f7870ec6f60b4dc72489	
youtube-7kTmosL_x1c	sources/videos/youtube-7kTmosL_x1c.md	metadata-only	playlist metadata only	https://www.youtube.com/watch?v=7kTmosL_x1c	atomic snapshot 2e075ce7c3c1fd008b880f9130bc33304ef6d4a4	source metadata	false	4393dcfee37201a311cea8cf034845b09f07819f4456a8e89d4d94e625676335	
youtube-7rImn6nJ4Dw	sources/videos/youtube-7rImn6nJ4Dw.md	metadata-only	playlist metadata only	https://www.youtube.com/watch?v=7rImn6nJ4Dw	atomic snapshot 2e075ce7c3c1fd008b880f9130bc33304ef6d4a4	source metadata	false	d6a07e7f6ecb66a832e37a98404c89b26d17c7827f381d20ff2218b88bc8963c	
youtube-8-viUNCwmjg	sources/videos/youtube-8-viUNCwmjg.md	metadata-only	playlist metadata only	https://www.youtube.com/watch?v=8-viUNCwmjg	atomic snapshot 2e075ce7c3c1fd008b880f9130bc33304ef6d4a4	source metadata	false	d623d2a3c5a8d451ed43ae41530d998f0765adb98a99b4c42435c79b9b555992	
youtube-9510wlsGeXY	sources/videos/youtube-9510wlsGeXY.md	metadata-only	playlist metadata only	https://www.youtube.com/watch?v=9510wlsGeXY	atomic snapshot 2e075ce7c3c1fd008b880f9130bc33304ef6d4a4	source metadata	false	ea1e64463ae0e92124480505e8ca078d213066e447cae9ba11d6ed656fe59179	
youtube-9AZjtb2DmpU	sources/videos/youtube-9AZjtb2DmpU.md	metadata-only	playlist metadata only	https://www.youtube.com/watch?v=9AZjtb2DmpU	atomic snapshot 2e075ce7c3c1fd008b880f9130bc33304ef6d4a4	source metadata	false	05cd07f6ca986b0b5f27a3ce512c0002fdda05fa16f6051ecc4ff0e513952f01	
youtube-9PIeyn9BSTQ	sources/videos/youtube-9PIeyn9BSTQ.md	metadata-only	playlist metadata only	https://www.youtube.com/watch?v=9PIeyn9BSTQ	atomic snapshot 2e075ce7c3c1fd008b880f9130bc33304ef6d4a4	source metadata	false	6c7f6a0fbb163d4b24cc612e40456fce017b39b104e162dfa679f81b7fe573f1	
youtube-9f7hpI5JvyE	sources/videos/youtube-9f7hpI5JvyE.md	metadata-only	playlist metadata only	https://www.youtube.com/watch?v=9f7hpI5JvyE	atomic snapshot 2e075ce7c3c1fd008b880f9130bc33304ef6d4a4	source metadata	false	5cdf27a8f7e62beddf06991fbb8cf70064f057f05482c7170aae4f08a520eafe	
youtube-9l_S2EbzWAM	sources/videos/youtube-9l_S2EbzWAM.md	metadata-only	playlist metadata only	https://www.youtube.com/watch?v=9l_S2EbzWAM	atomic snapshot 2e075ce7c3c1fd008b880f9130bc33304ef6d4a4	source metadata	false	e6836fdef15637db7cae67ca0b127f2eeec3f84d0113ded8fc4888599eeff1f7	
youtube-9pcqt_8OezA	sources/videos/youtube-9pcqt_8OezA.md	metadata-only	playlist metadata only	https://www.youtube.com/watch?v=9pcqt_8OezA	atomic snapshot 2e075ce7c3c1fd008b880f9130bc33304ef6d4a4	source metadata	false	0a6b2a36cf3bfcf94b20beeb01cfc3dcc42776faeaaf076fbf0e191cfcadce36	
youtube-A_paPAN_amQ	sources/videos/youtube-A_paPAN_amQ.md	metadata-only	playlist metadata only	https://www.youtube.com/watch?v=A_paPAN_amQ	atomic snapshot 2e075ce7c3c1fd008b880f9130bc33304ef6d4a4	source metadata	false	92426a22a8d2284c2488f237cef67f2388b121744b51f337e55fd8b8c577fdf5	
youtube-B3JUPt4upxk	sources/videos/youtube-B3JUPt4upxk.md	metadata-only	playlist metadata only	https://www.youtube.com/watch?v=B3JUPt4upxk	atomic snapshot 2e075ce7c3c1fd008b880f9130bc33304ef6d4a4	source metadata	false	ab206a2d7e959cee10fb2f3d13175749fab862b68d434d87b8ad5ff477fbae6a	
youtube-BBTOp-Xzgug	sources/videos/youtube-BBTOp-Xzgug.md	metadata-only	playlist metadata only	https://www.youtube.com/watch?v=BBTOp-Xzgug	atomic snapshot 2e075ce7c3c1fd008b880f9130bc33304ef6d4a4	source metadata	false	261977c347d6506e3849626459be624babdc63999f1d7f7c51574036f2087373	
youtube-BZD2GPowIBk	sources/videos/youtube-BZD2GPowIBk.md	metadata-only	playlist metadata only	https://www.youtube.com/watch?v=BZD2GPowIBk	atomic snapshot 2e075ce7c3c1fd008b880f9130bc33304ef6d4a4	source metadata	false	1e2f45d4ca973fdb7c114fb3cd20a72348518cfc426da02fc8ff423f06f359d8	
youtube-BfC_c2Hcc6A	sources/videos/youtube-BfC_c2Hcc6A.md	metadata-only	playlist metadata only	https://www.youtube.com/watch?v=BfC_c2Hcc6A	atomic snapshot 2e075ce7c3c1fd008b880f9130bc33304ef6d4a4	source metadata	false	1e1ca3a85e670757a460db816323e1ced5068fad399f6a8c3264a8f6ac001364	
youtube-C-6mZLUyWyo	sources/videos/youtube-C-6mZLUyWyo.md	metadata-only	playlist metadata only	https://www.youtube.com/watch?v=C-6mZLUyWyo	atomic snapshot 2e075ce7c3c1fd008b880f9130bc33304ef6d4a4	source metadata	false	02a26a6513ca88681a569a0290b22aa19e98c0ba2a8ba253f89093af6fa3dc02	
youtube-CWuOrHAEr-k	sources/videos/youtube-CWuOrHAEr-k.md	metadata-only	playlist metadata only	https://www.youtube.com/watch?v=CWuOrHAEr-k	atomic snapshot 2e075ce7c3c1fd008b880f9130bc33304ef6d4a4	source metadata	false	ec2ff11bac655a5fe8648083b12512533308bb39d3cb6f6ee43c5b8a89f96afe	
youtube-DIVDjqniUX8	sources/videos/youtube-DIVDjqniUX8.md	metadata-only	playlist metadata only	https://www.youtube.com/watch?v=DIVDjqniUX8	atomic snapshot 2e075ce7c3c1fd008b880f9130bc33304ef6d4a4	source metadata	false	73860386da24fe879577a70e780cac5dd522a9bade0b025466f6c06c07263106	
youtube-DNcDtIQAC9s	sources/videos/youtube-DNcDtIQAC9s.md	metadata-only	playlist metadata only	https://www.youtube.com/watch?v=DNcDtIQAC9s	atomic snapshot 2e075ce7c3c1fd008b880f9130bc33304ef6d4a4	source metadata	false	843d52c2b3996a4d29e5ad895868adca4b7123928be1e20ce7767c1c4053881c	
youtube-DRlw9zgmUEg	sources/videos/youtube-DRlw9zgmUEg.md	metadata-only	playlist metadata only	https://www.youtube.com/watch?v=DRlw9zgmUEg	atomic snapshot 2e075ce7c3c1fd008b880f9130bc33304ef6d4a4	source metadata	false	0b3336bc1079eea338e4482393eeac77bf1efe70dc6d4b81a776a84ca36ebe74	
youtube-DWzttlb7Sw4	sources/videos/youtube-DWzttlb7Sw4.md	metadata-only	playlist metadata only	https://www.youtube.com/watch?v=DWzttlb7Sw4	atomic snapshot 2e075ce7c3c1fd008b880f9130bc33304ef6d4a4	source metadata	false	cdf3f2f50225665f7de51f20cf7f5d26e3aa514ea4d7a8713ff4ba1487a2f549	
youtube-FtJXD4KD1dI	sources/videos/youtube-FtJXD4KD1dI.md	metadata-only	playlist metadata only	https://www.youtube.com/watch?v=FtJXD4KD1dI	atomic snapshot 2e075ce7c3c1fd008b880f9130bc33304ef6d4a4	source metadata	false	1d219e2d0bc79b777ef7f1841f0250598aacfa1c33024ba8a0c8687db642b58e	
youtube-GDUODN1Obt8	sources/videos/youtube-GDUODN1Obt8.md	metadata-only	playlist metadata only	https://www.youtube.com/watch?v=GDUODN1Obt8	atomic snapshot 2e075ce7c3c1fd008b880f9130bc33304ef6d4a4	source metadata	false	1770b6e86dcb66e547cf70b190a858b269b0d3b51e750ac8a44d76197034b493	
youtube-H9LYrjbFj6I	sources/videos/youtube-H9LYrjbFj6I.md	metadata-only	playlist metadata only	https://www.youtube.com/watch?v=H9LYrjbFj6I	atomic snapshot 2e075ce7c3c1fd008b880f9130bc33304ef6d4a4	source metadata	false	d49c3738f2ce25f4308376d7c97ce97910517e482b96090236ad21e908acdd81	
youtube-HWi5pPC3VJg	sources/videos/youtube-HWi5pPC3VJg.md	metadata-only	playlist metadata only	https://www.youtube.com/watch?v=HWi5pPC3VJg	atomic snapshot 2e075ce7c3c1fd008b880f9130bc33304ef6d4a4	source metadata	false	5b4930868745ae795b7275ac6dd12f509f237a780ee7c9db2e9c9445633aa406	
youtube-HxTP-39Qd90	sources/videos/youtube-HxTP-39Qd90.md	metadata-only	playlist metadata only	https://www.youtube.com/watch?v=HxTP-39Qd90	atomic snapshot 2e075ce7c3c1fd008b880f9130bc33304ef6d4a4	source metadata	false	beaf5fb3a3b4f9b8d99ddbeaad131383176d6d8cea3540e905b36b044a39f450	
youtube-I4Ka4__ws1E	sources/videos/youtube-I4Ka4__ws1E.md	metadata-only	playlist metadata only	https://www.youtube.com/watch?v=I4Ka4__ws1E	atomic snapshot 2e075ce7c3c1fd008b880f9130bc33304ef6d4a4	source metadata	false	f1f9dcd6637fb7a7908ea0142086f4e6fb374e218820c6acac34668e7eda00cc	
youtube-IBF78tzF6y4	sources/videos/youtube-IBF78tzF6y4.md	metadata-only	playlist metadata only	https://www.youtube.com/watch?v=IBF78tzF6y4	atomic snapshot 2e075ce7c3c1fd008b880f9130bc33304ef6d4a4	source metadata	false	1bbc0ddebfb8060cc4e4bd206949d39024297962a4dc6784374f98d63c9e5f4d	
youtube-IKi5O3ZlSu4	sources/videos/youtube-IKi5O3ZlSu4.md	metadata-only	playlist metadata only	https://www.youtube.com/watch?v=IKi5O3ZlSu4	atomic snapshot 2e075ce7c3c1fd008b880f9130bc33304ef6d4a4	source metadata	false	5a619d38c49d266b5cf682afa2f03621bcc42bb9feaa8f9d82341e3e2997146c	
youtube-IlUUX2bXmp4	sources/videos/youtube-IlUUX2bXmp4.md	metadata-only	playlist metadata only	https://www.youtube.com/watch?v=IlUUX2bXmp4	atomic snapshot 2e075ce7c3c1fd008b880f9130bc33304ef6d4a4	source metadata	false	51beed0deba75b65fff928c873ea59b8238bfec8a0d182fbd928e3a028d7bf17	
youtube-IwbzrOhDuZw	sources/videos/youtube-IwbzrOhDuZw.md	metadata-only	playlist metadata only	https://www.youtube.com/watch?v=IwbzrOhDuZw	atomic snapshot 2e075ce7c3c1fd008b880f9130bc33304ef6d4a4	source metadata	false	a94db40d2d75a40a43133924aaad532a6fbb14fbfe756628ff79a35700b823e7	
youtube-JX28yLxYwtU	sources/videos/youtube-JX28yLxYwtU.md	metadata-only	playlist metadata only	https://www.youtube.com/watch?v=JX28yLxYwtU	atomic snapshot 2e075ce7c3c1fd008b880f9130bc33304ef6d4a4	source metadata	false	45ef2af4eac8deb995d762a5db36af7614d1973a9d33efbcceedae9ddd9a054c	
youtube-KCw-ky1ozoE	sources/videos/youtube-KCw-ky1ozoE.md	metadata-only	playlist metadata only	https://www.youtube.com/watch?v=KCw-ky1ozoE	atomic snapshot 2e075ce7c3c1fd008b880f9130bc33304ef6d4a4	source metadata	false	e8881e8f138daa238d780c0642ae8e6e98c0d4ce8ce58205cfffbd2df5d07777	
youtube-KNo7wud4gDg	sources/videos/youtube-KNo7wud4gDg.md	metadata-only	playlist metadata only	https://www.youtube.com/watch?v=KNo7wud4gDg	atomic snapshot 2e075ce7c3c1fd008b880f9130bc33304ef6d4a4	source metadata	false	036f3a1e721e17f9b756febc3387f34ddcc2a1eb3c3c9e77b5c0291dac7c7d0c	
youtube-KVcbqTeuNhM	sources/videos/youtube-KVcbqTeuNhM.md	metadata-only	playlist metadata only	https://www.youtube.com/watch?v=KVcbqTeuNhM	atomic snapshot 2e075ce7c3c1fd008b880f9130bc33304ef6d4a4	source metadata	false	4cb3fc61404e1480d4dd83eddca9233994c4850552f04202f3869ce7c8910ef9	
youtube-KnUFH5GX_fI	sources/videos/youtube-KnUFH5GX_fI.md	metadata-only	playlist metadata only	https://www.youtube.com/watch?v=KnUFH5GX_fI	atomic snapshot 2e075ce7c3c1fd008b880f9130bc33304ef6d4a4	source metadata	false	68bf31b8326b396c1fea9d554610e4ffbeace49e01953371541f860625f929be	
youtube-LC3jCyHjWqo	sources/videos/youtube-LC3jCyHjWqo.md	metadata-only	playlist metadata only	https://www.youtube.com/watch?v=LC3jCyHjWqo	atomic snapshot 2e075ce7c3c1fd008b880f9130bc33304ef6d4a4	source metadata	false	9673ea33f43b8799ea5f01eeea6dee0fafe823094be9b2746d28df550434b105	
youtube-LFdJ4SQszQA	sources/videos/youtube-LFdJ4SQszQA.md	metadata-only	playlist metadata only	https://www.youtube.com/watch?v=LFdJ4SQszQA	atomic snapshot 2e075ce7c3c1fd008b880f9130bc33304ef6d4a4	source metadata	false	7f5f0b8d64548f7acc2fc4482514e1f2e6202f7a92089b746ed56a7783361688	
youtube-LTD6dxaNdhE	sources/videos/youtube-LTD6dxaNdhE.md	metadata-only	playlist metadata only	https://www.youtube.com/watch?v=LTD6dxaNdhE	atomic snapshot 2e075ce7c3c1fd008b880f9130bc33304ef6d4a4	source metadata	false	f513acbe0e828803a206bf4259c7b87a25b51dd68d565acc0befc6d7912e8471	
youtube-LThrL8Jjsgc	sources/videos/youtube-LThrL8Jjsgc.md	metadata-only	playlist metadata only	https://www.youtube.com/watch?v=LThrL8Jjsgc	atomic snapshot 2e075ce7c3c1fd008b880f9130bc33304ef6d4a4	source metadata	false	9e4c04ebabcd6f6780a6dc00ece1ffed6075cb8d4ed8ecb0786bce01c7223676	
youtube-LVdCbcRo7AA	sources/videos/youtube-LVdCbcRo7AA.md	metadata-only	playlist metadata only	https://www.youtube.com/watch?v=LVdCbcRo7AA	atomic snapshot 2e075ce7c3c1fd008b880f9130bc33304ef6d4a4	source metadata	false	422a9624d9a76f32d36cebf87d3c81fa2fafaaca08e23216ac6f3160eb03db0a	
youtube-LY_0REE-g0c	sources/videos/youtube-LY_0REE-g0c.md	metadata-only	playlist metadata only	https://www.youtube.com/watch?v=LY_0REE-g0c	atomic snapshot 2e075ce7c3c1fd008b880f9130bc33304ef6d4a4	source metadata	false	63246d45313fba188687eae12e4b38bfe6d0ff44ffe25b40fda322e4a8656a2b	
youtube-MF5fXdLIXkY	sources/videos/youtube-MF5fXdLIXkY.md	metadata-only	playlist metadata only	https://www.youtube.com/watch?v=MF5fXdLIXkY	atomic snapshot 2e075ce7c3c1fd008b880f9130bc33304ef6d4a4	source metadata	false	b2539859ff6dbb087f132d9a4290ae6e1cb2dedd4b6f0aaac1d0abfe8923ff2b	
youtube-MT4OT-HGdvc	sources/videos/youtube-MT4OT-HGdvc.md	metadata-only	playlist metadata only	https://www.youtube.com/watch?v=MT4OT-HGdvc	atomic snapshot 2e075ce7c3c1fd008b880f9130bc33304ef6d4a4	source metadata	false	9667db3d94225ea84d6187fd78eaa452cad05e2151202cd27053c7daf704bb10	
youtube-MqLx0SC800I	sources/videos/youtube-MqLx0SC800I.md	metadata-only	playlist metadata only	https://www.youtube.com/watch?v=MqLx0SC800I	atomic snapshot 2e075ce7c3c1fd008b880f9130bc33304ef6d4a4	source metadata	false	1b619883b786a81a23e8434cddf8977c567a4a3487ebd1393b3a65d4a2855247	
youtube-Ns5R0ja8rL4	sources/videos/youtube-Ns5R0ja8rL4.md	metadata-only	playlist metadata only	https://www.youtube.com/watch?v=Ns5R0ja8rL4	atomic snapshot 2e075ce7c3c1fd008b880f9130bc33304ef6d4a4	source metadata	false	77c97eaee467bf49dec926557f351f7b8bd8d37e191bc5770e9ce5c61833ff1c	
youtube-O69pf7RgLrM	sources/videos/youtube-O69pf7RgLrM.md	metadata-only	playlist metadata only	https://www.youtube.com/watch?v=O69pf7RgLrM	atomic snapshot 2e075ce7c3c1fd008b880f9130bc33304ef6d4a4	source metadata	false	85e4f0e84180afe93f07877eb31c0ea5104367479ed5b813239e89b25921d1d0	
youtube-OhRd9v13w7k	sources/videos/youtube-OhRd9v13w7k.md	metadata-only	playlist metadata only	https://www.youtube.com/watch?v=OhRd9v13w7k	atomic snapshot 2e075ce7c3c1fd008b880f9130bc33304ef6d4a4	source metadata	false	f18894e543c4d0303c5dbd47ab59cdaf7ee8e84d969a2e37b852cfe7797c49f6	
youtube-OuYueUeRsWs	sources/videos/youtube-OuYueUeRsWs.md	metadata-only	playlist metadata only	https://www.youtube.com/watch?v=OuYueUeRsWs	atomic snapshot 2e075ce7c3c1fd008b880f9130bc33304ef6d4a4	source metadata	false	d64a8ed19779a7d763d832bd6a7d2d3136f6ccf93ff7e8cc8fe7c4e2f4e54415	
youtube-P0OhnhD_opc	sources/videos/youtube-P0OhnhD_opc.md	metadata-only	playlist metadata only	https://www.youtube.com/watch?v=P0OhnhD_opc	atomic snapshot 2e075ce7c3c1fd008b880f9130bc33304ef6d4a4	source metadata	false	22c0cfd1e09a56c47e70fe34daa56e72f472266e4dd20f44ce2e8d919161dad5	
youtube-PJDf8ZVczPg	sources/videos/youtube-PJDf8ZVczPg.md	metadata-only	playlist metadata only	https://www.youtube.com/watch?v=PJDf8ZVczPg	atomic snapshot 2e075ce7c3c1fd008b880f9130bc33304ef6d4a4	source metadata	false	63d3efb455cd82931216e0cfa57f62d7215c7c0d1ae559ea57f1c2bc74a1f968	
youtube-PK_8qDb3HD8	sources/videos/youtube-PK_8qDb3HD8.md	metadata-only	playlist metadata only	https://www.youtube.com/watch?v=PK_8qDb3HD8	atomic snapshot 2e075ce7c3c1fd008b880f9130bc33304ef6d4a4	source metadata	false	170b223044285054418afc51fb0d26f9db823dafed3a366f83797ebbb1362a54	
youtube-Q0N-f7J36HE	sources/videos/youtube-Q0N-f7J36HE.md	metadata-only	playlist metadata only	https://www.youtube.com/watch?v=Q0N-f7J36HE	atomic snapshot 2e075ce7c3c1fd008b880f9130bc33304ef6d4a4	source metadata	false	69507d7dbb7a8048c31ef75ae9a4bdd919622add3e52ced0559ad1fad8906c08	
youtube-QUX76rwzBTc	sources/videos/youtube-QUX76rwzBTc.md	metadata-only	playlist metadata only	https://www.youtube.com/watch?v=QUX76rwzBTc	atomic snapshot 2e075ce7c3c1fd008b880f9130bc33304ef6d4a4	source metadata	false	32690da58a77710a9f0e1936155e7eb7a261534ecd439c1f3682fd84b3363569	
youtube-QUubgWPLctk	sources/videos/youtube-QUubgWPLctk.md	metadata-only	playlist metadata only	https://www.youtube.com/watch?v=QUubgWPLctk	atomic snapshot 2e075ce7c3c1fd008b880f9130bc33304ef6d4a4	source metadata	false	449ab072cdf96e41587bf2eeba7507e7d032bd82377af986edafff084a1a020f	
youtube-ROONOeOUEys	sources/videos/youtube-ROONOeOUEys.md	metadata-only	playlist metadata only	https://www.youtube.com/watch?v=ROONOeOUEys	atomic snapshot 2e075ce7c3c1fd008b880f9130bc33304ef6d4a4	source metadata	false	c3d41d3815e2d455aff610c995e541b66c7638dfb64cc6d17ee94df820bf2eb0	
youtube-RZJkFcvP65c	sources/videos/youtube-RZJkFcvP65c.md	metadata-only	playlist metadata only	https://www.youtube.com/watch?v=RZJkFcvP65c	atomic snapshot 2e075ce7c3c1fd008b880f9130bc33304ef6d4a4	source metadata	false	9310c1b691b3a38b8c44165919f6ba5c93b7a5a09b16081152c4670944b23b45	
youtube-RrSn0M7n9eE	sources/videos/youtube-RrSn0M7n9eE.md	metadata-only	playlist metadata only	https://www.youtube.com/watch?v=RrSn0M7n9eE	atomic snapshot 2e075ce7c3c1fd008b880f9130bc33304ef6d4a4	source metadata	false	21b4ca8b24f3b951e8412a8d5948919c252361ba59cdc27a381da260d5e867ea	
youtube-STGclG0w8vA	sources/videos/youtube-STGclG0w8vA.md	metadata-only	playlist metadata only	https://www.youtube.com/watch?v=STGclG0w8vA	atomic snapshot 2e075ce7c3c1fd008b880f9130bc33304ef6d4a4	source metadata	false	04c15aab938c1009b25948ae2c112a9ad771a9a45e43ebda27939cf40bbdc8ce	
youtube-T74B_aELnU0	sources/videos/youtube-T74B_aELnU0.md	metadata-only	playlist metadata only	https://www.youtube.com/watch?v=T74B_aELnU0	atomic snapshot 2e075ce7c3c1fd008b880f9130bc33304ef6d4a4	source metadata	false	c7b4723428724369fd477bdad826ad06e3a4522a88993011872ea2f7e49ebf2b	
youtube-TS72c7AfV0k	sources/videos/youtube-TS72c7AfV0k.md	metadata-only	playlist metadata only	https://www.youtube.com/watch?v=TS72c7AfV0k	atomic snapshot 2e075ce7c3c1fd008b880f9130bc33304ef6d4a4	source metadata	false	9f3df7ee0daafacaefc78a100e0d23cba9f7f73551a5f2aa9ca7abeb3ad794f3	
youtube-TSCkvaSb-nI	sources/videos/youtube-TSCkvaSb-nI.md	metadata-only	playlist metadata only	https://www.youtube.com/watch?v=TSCkvaSb-nI	atomic snapshot 2e075ce7c3c1fd008b880f9130bc33304ef6d4a4	source metadata	false	a508e94d0b72ed653e09742cb75a912c57a99dd971e0aea7b19af7d54aeee45a	
youtube-Ts-cZj81bUA	sources/videos/youtube-Ts-cZj81bUA.md	metadata-only	playlist metadata only	https://www.youtube.com/watch?v=Ts-cZj81bUA	atomic snapshot 2e075ce7c3c1fd008b880f9130bc33304ef6d4a4	source metadata	false	f7602bbaa6130213eb6b4b75e5305ff8f832e7f315456c3b62c9a204f23e31d5	
youtube-UR8FUjFOrmA	sources/videos/youtube-UR8FUjFOrmA.md	metadata-only	playlist metadata only	https://www.youtube.com/watch?v=UR8FUjFOrmA	atomic snapshot 2e075ce7c3c1fd008b880f9130bc33304ef6d4a4	source metadata	false	07ef73f044006f9f8e8f028e8f561d90b1b895aca4c5292ba346be535e2dc861	
youtube-UUEPJV-jzL0	sources/videos/youtube-UUEPJV-jzL0.md	metadata-only	playlist metadata only	https://www.youtube.com/watch?v=UUEPJV-jzL0	atomic snapshot 2e075ce7c3c1fd008b880f9130bc33304ef6d4a4	source metadata	false	89fcafc862839ef7ba28091fc691a3d95cce684761e3c3cb12abe08cfb68f882	
youtube-UeC8fy5SWv0	sources/videos/youtube-UeC8fy5SWv0.md	metadata-only	playlist metadata only	https://www.youtube.com/watch?v=UeC8fy5SWv0	atomic snapshot 2e075ce7c3c1fd008b880f9130bc33304ef6d4a4	source metadata	false	d2842b83a2e6859a8305a0a709147bbe6bff7ca06da1457fd2d79137ab423dff	
youtube-UldlcFkxoRI	sources/videos/youtube-UldlcFkxoRI.md	metadata-only	playlist metadata only	https://www.youtube.com/watch?v=UldlcFkxoRI	atomic snapshot 2e075ce7c3c1fd008b880f9130bc33304ef6d4a4	source metadata	false	68d40dc91fed53040a00278496ca1acc42c5a5eb46ee85e421acfa4f0e1e2278	
youtube-UmGEYy_gj7A	sources/videos/youtube-UmGEYy_gj7A.md	metadata-only	playlist metadata only	https://www.youtube.com/watch?v=UmGEYy_gj7A	atomic snapshot 2e075ce7c3c1fd008b880f9130bc33304ef6d4a4	source metadata	false	59a955fb285ec9c3d158febddbddf8c8b4fe32cb9d3c175bbd76d7b56ff167b3	
youtube-V4LkqdD-26o	sources/videos/youtube-V4LkqdD-26o.md	metadata-only	playlist metadata only	https://www.youtube.com/watch?v=V4LkqdD-26o	atomic snapshot 2e075ce7c3c1fd008b880f9130bc33304ef6d4a4	source metadata	false	925d9ef01217697602a813e83ff1ca6c38ab6dd82fc19634248a61f52b6bfdd6	
youtube-VWoWsNPAZ2k	sources/videos/youtube-VWoWsNPAZ2k.md	metadata-only	playlist metadata only	https://www.youtube.com/watch?v=VWoWsNPAZ2k	atomic snapshot 2e075ce7c3c1fd008b880f9130bc33304ef6d4a4	source metadata	false	98aa319a4e33a55d681a338ae55ffe5883484bab467d9a2ec86efbf54bc8872e	
youtube-WEk1Kte4yCM	sources/videos/youtube-WEk1Kte4yCM.md	metadata-only	playlist metadata only	https://www.youtube.com/watch?v=WEk1Kte4yCM	atomic snapshot 2e075ce7c3c1fd008b880f9130bc33304ef6d4a4	source metadata	false	c66b46cd286dd7a30a69d5533948f5a352dfcf846f0bc9cc46330c8ceeaf1201	
youtube-WUfjcgxI0Q4	sources/videos/youtube-WUfjcgxI0Q4.md	metadata-only	playlist metadata only	https://www.youtube.com/watch?v=WUfjcgxI0Q4	atomic snapshot 2e075ce7c3c1fd008b880f9130bc33304ef6d4a4	source metadata	false	985dde81b421ec2b9620a8da956443cc3b98a23b09628a49dea60f94ed8aa978	
youtube-WYB4vOv7Iag	sources/videos/youtube-WYB4vOv7Iag.md	metadata-only	playlist metadata only	https://www.youtube.com/watch?v=WYB4vOv7Iag	atomic snapshot 2e075ce7c3c1fd008b880f9130bc33304ef6d4a4	source metadata	false	c0657c9ddfff3debb970289870b1b6a03b8367ae41f657e95dd7ed5ec1d1b48b	
youtube-X3Crh_URvrk	sources/videos/youtube-X3Crh_URvrk.md	metadata-only	playlist metadata only	https://www.youtube.com/watch?v=X3Crh_URvrk	atomic snapshot 2e075ce7c3c1fd008b880f9130bc33304ef6d4a4	source metadata	false	52e502b2eef56bc2bd11d284d278df26a92602152ca316a46e6671d2726c7b56	
youtube-X_hFGyWrE2Y	sources/videos/youtube-X_hFGyWrE2Y.md	metadata-only	playlist metadata only	https://www.youtube.com/watch?v=X_hFGyWrE2Y	atomic snapshot 2e075ce7c3c1fd008b880f9130bc33304ef6d4a4	source metadata	false	dcb7df42dea5fa91eaa6a75d375f358bd2c00f5aa3422650fadfc50e4a12af0f	
youtube-Y-Hsip4-5Is	sources/videos/youtube-Y-Hsip4-5Is.md	metadata-only	playlist metadata only	https://www.youtube.com/watch?v=Y-Hsip4-5Is	atomic snapshot 2e075ce7c3c1fd008b880f9130bc33304ef6d4a4	source metadata	false	19518c6b8dc543f69ac29e715d44a396e0a99454461846c7c5ce363939a564de	
youtube-YAgJpKyAR1Y	sources/videos/youtube-YAgJpKyAR1Y.md	metadata-only	playlist metadata only	https://www.youtube.com/watch?v=YAgJpKyAR1Y	atomic snapshot 2e075ce7c3c1fd008b880f9130bc33304ef6d4a4	source metadata	false	39eaae6a930b323d790fd12042fba0837428745fff2748954dff1f76d0e0f293	
youtube-YT8ySllYqDE	sources/videos/youtube-YT8ySllYqDE.md	metadata-only	playlist metadata only	https://www.youtube.com/watch?v=YT8ySllYqDE	atomic snapshot 2e075ce7c3c1fd008b880f9130bc33304ef6d4a4	source metadata	false	b812edf60088edd458fa07fe726c9c895f17d7877da49df7b83c94bd8b393a23	
youtube-ZB9XZturFdk	sources/videos/youtube-ZB9XZturFdk.md	metadata-only	playlist metadata only	https://www.youtube.com/watch?v=ZB9XZturFdk	atomic snapshot 2e075ce7c3c1fd008b880f9130bc33304ef6d4a4	source metadata	false	d239d28787b53b3ff6609968cade362cd27b657df3bd771f960d62fdc17d6eb7	
youtube-ZNnOfOMMjgs	sources/videos/youtube-ZNnOfOMMjgs.md	metadata-only	playlist metadata only	https://www.youtube.com/watch?v=ZNnOfOMMjgs	atomic snapshot 2e075ce7c3c1fd008b880f9130bc33304ef6d4a4	source metadata	false	c0f52a6c872a19c1292cae0b3416197b82e368a7369a8344356cc489409b2e2a	
youtube-ZaB7wfuQ6Mk	sources/videos/youtube-ZaB7wfuQ6Mk.md	metadata-only	playlist metadata only	https://www.youtube.com/watch?v=ZaB7wfuQ6Mk	atomic snapshot 2e075ce7c3c1fd008b880f9130bc33304ef6d4a4	source metadata	false	f66166850a3e9f931ee9225321ac781d252037088cc160bc16d217b580dc7421	
youtube-ZuW-TqjXqp0	sources/videos/youtube-ZuW-TqjXqp0.md	metadata-only	playlist metadata only	https://www.youtube.com/watch?v=ZuW-TqjXqp0	atomic snapshot 2e075ce7c3c1fd008b880f9130bc33304ef6d4a4	source metadata	false	17a5c732efad491f151359fb22c31483dd78fa23be607ff4e4457ed6a9097899	
youtube-_Da93hkQiXw	sources/videos/youtube-_Da93hkQiXw.md	metadata-only	playlist metadata only	https://www.youtube.com/watch?v=_Da93hkQiXw	atomic snapshot 2e075ce7c3c1fd008b880f9130bc33304ef6d4a4	source metadata	false	41664dffa1d58d7c3553bf7968bf1cd51ef906d71585edfa13c7c3d2ac482cdc	
youtube-_DkKWvkOc1o	sources/videos/youtube-_DkKWvkOc1o.md	metadata-only	playlist metadata only	https://www.youtube.com/watch?v=_DkKWvkOc1o	atomic snapshot 2e075ce7c3c1fd008b880f9130bc33304ef6d4a4	source metadata	false	692358aa7ab5347ac0dcf1ebced903e16f24edbaf968c76519cfdcd48097dfed	
youtube-_EJ5s2ZnDwQ	sources/videos/youtube-_EJ5s2ZnDwQ.md	metadata-only	playlist metadata only	https://www.youtube.com/watch?v=_EJ5s2ZnDwQ	atomic snapshot 2e075ce7c3c1fd008b880f9130bc33304ef6d4a4	source metadata	false	65aeef0ee9270a1a3a58c0ec98262c8f4642bd68a9f96ea93d4efb84ef1d985b	
youtube-_HioFTF2JPE	sources/videos/youtube-_HioFTF2JPE.md	metadata-only	playlist metadata only	https://www.youtube.com/watch?v=_HioFTF2JPE	atomic snapshot 2e075ce7c3c1fd008b880f9130bc33304ef6d4a4	source metadata	false	2fbe4aceb748a0b9cd181598a948878ce4020aca963d3bad93b9e85ca4843f45	
youtube-_Tm6N5l69_c	sources/videos/youtube-_Tm6N5l69_c.md	metadata-only	playlist metadata only	https://www.youtube.com/watch?v=_Tm6N5l69_c	atomic snapshot 2e075ce7c3c1fd008b880f9130bc33304ef6d4a4	source metadata	false	b92319c796f7c29286f34e25e93c0bb4821de353b49a62f91ff3877fa4935f80	
youtube-aMDACU9083g	sources/videos/youtube-aMDACU9083g.md	metadata-only	playlist metadata only	https://www.youtube.com/watch?v=aMDACU9083g	atomic snapshot 2e075ce7c3c1fd008b880f9130bc33304ef6d4a4	source metadata	false	bdad19bad78334a10aca4fb38873c6b6ab28ec4f4ea1dc5d07c00f0719bd88a6	
youtube-aU37qVvg_Ow	sources/videos/youtube-aU37qVvg_Ow.md	metadata-only	playlist metadata only	https://www.youtube.com/watch?v=aU37qVvg_Ow	atomic snapshot 2e075ce7c3c1fd008b880f9130bc33304ef6d4a4	source metadata	false	97c64b7ca24a52c1b34c28394c70919f07057ce4542ef679b9cb0f62cda942fe	
youtube-av73CXPl4eM	sources/videos/youtube-av73CXPl4eM.md	metadata-only	playlist metadata only	https://www.youtube.com/watch?v=av73CXPl4eM	atomic snapshot 2e075ce7c3c1fd008b880f9130bc33304ef6d4a4	source metadata	false	7aaa4e75734f16dda29de595ee23826f824cd1c5354c8a57c2dac2501c391044	
youtube-axaTTwEUYNQ	sources/videos/youtube-axaTTwEUYNQ.md	metadata-only	playlist metadata only	https://www.youtube.com/watch?v=axaTTwEUYNQ	atomic snapshot 2e075ce7c3c1fd008b880f9130bc33304ef6d4a4	source metadata	false	c5581f1ff8cb41b22ff11a07d41fe64300bdbb3ef286ed299028f188be881e7a	
youtube-bLaQGWtd1O4	sources/videos/youtube-bLaQGWtd1O4.md	metadata-only	playlist metadata only	https://www.youtube.com/watch?v=bLaQGWtd1O4	atomic snapshot 2e075ce7c3c1fd008b880f9130bc33304ef6d4a4	source metadata	false	1a01791882e50cec3a515885b340bde40de66211c7167c9235a8e86819c93bd3	
youtube-bnc3VnQ8kUY	sources/videos/youtube-bnc3VnQ8kUY.md	metadata-only	playlist metadata only	https://www.youtube.com/watch?v=bnc3VnQ8kUY	atomic snapshot 2e075ce7c3c1fd008b880f9130bc33304ef6d4a4	source metadata	false	82f5bc1f3e33bf7f17bcebce8976fa9e64b49deb0f03b5755ce18537d416f869	
youtube-bz1W8H1Y3nw	sources/videos/youtube-bz1W8H1Y3nw.md	metadata-only	playlist metadata only	https://www.youtube.com/watch?v=bz1W8H1Y3nw	atomic snapshot 2e075ce7c3c1fd008b880f9130bc33304ef6d4a4	source metadata	false	27894ef5f94b682052edd25c565b3b4b776c179835b5c2b68ebace78a2831012	
youtube-cLJFwYYSgio	sources/videos/youtube-cLJFwYYSgio.md	metadata-only	playlist metadata only	https://www.youtube.com/watch?v=cLJFwYYSgio	atomic snapshot 2e075ce7c3c1fd008b880f9130bc33304ef6d4a4	source metadata	false	60947e0519ef952f4285b117f27e2475ace43831af4eb816cc496f9a92576e13	
youtube-dD1dbNtH-6s	sources/videos/youtube-dD1dbNtH-6s.md	metadata-only	playlist metadata only	https://www.youtube.com/watch?v=dD1dbNtH-6s	atomic snapshot 2e075ce7c3c1fd008b880f9130bc33304ef6d4a4	source metadata	false	3b42dc3ec0c53a7a6d14b20c67a6f63577be4b0df72b20135d07805bf9de5839	
youtube-dEn92Q-fAeo	sources/videos/youtube-dEn92Q-fAeo.md	metadata-only	playlist metadata only	https://www.youtube.com/watch?v=dEn92Q-fAeo	atomic snapshot 2e075ce7c3c1fd008b880f9130bc33304ef6d4a4	source metadata	false	cfc7b2fcd7de36d05a9ab891eda75af0dc57d58c46bbfa4b1ca8ee2b45d78875	
youtube-duWmPNEJ1zM	sources/videos/youtube-duWmPNEJ1zM.md	metadata-only	playlist metadata only	https://www.youtube.com/watch?v=duWmPNEJ1zM	atomic snapshot 2e075ce7c3c1fd008b880f9130bc33304ef6d4a4	source metadata	false	03d4e675bd84e339269fcb6fec831d91add4b2a3b3939c662c6eb1ebba4214c4	
youtube-fAdMPh9UvC0	sources/videos/youtube-fAdMPh9UvC0.md	metadata-only	playlist metadata only	https://www.youtube.com/watch?v=fAdMPh9UvC0	atomic snapshot 2e075ce7c3c1fd008b880f9130bc33304ef6d4a4	source metadata	false	6efd623f6efb827cd8c472333d963ae9782384e353106c7f238dcc1543f88396	
youtube-fQnt08Yjti0	sources/videos/youtube-fQnt08Yjti0.md	metadata-only	playlist metadata only	https://www.youtube.com/watch?v=fQnt08Yjti0	atomic snapshot 2e075ce7c3c1fd008b880f9130bc33304ef6d4a4	source metadata	false	929a6e24f403397df0d03f70f7958328fd90437f72659f7968b275ffaa85b481	
youtube-g63mP4HwVEQ	sources/videos/youtube-g63mP4HwVEQ.md	metadata-only	playlist metadata only	https://www.youtube.com/watch?v=g63mP4HwVEQ	atomic snapshot 2e075ce7c3c1fd008b880f9130bc33304ef6d4a4	source metadata	false	922c6cc71fed166a4778f405fa273f3f2b9a056807c838a86aba4ea7cc034368	
youtube-gAKBZG9kQPw	sources/videos/youtube-gAKBZG9kQPw.md	metadata-only	playlist metadata only	https://www.youtube.com/watch?v=gAKBZG9kQPw	atomic snapshot 2e075ce7c3c1fd008b880f9130bc33304ef6d4a4	source metadata	false	e5d145e97c01b4c700312602c6eefbb7e3a9a9f6f8090506e0936bc618a15652	
youtube-gH0Xxwx5hrk	sources/videos/youtube-gH0Xxwx5hrk.md	metadata-only	playlist metadata only	https://www.youtube.com/watch?v=gH0Xxwx5hrk	atomic snapshot 2e075ce7c3c1fd008b880f9130bc33304ef6d4a4	source metadata	false	08d45397c0fd54fa28e7dd3767d4ed4b9807ba05fcdea44f1f8b32e68f1dc0cc	
youtube-gYJsakJo7YE	sources/videos/youtube-gYJsakJo7YE.md	metadata-only	playlist metadata only	https://www.youtube.com/watch?v=gYJsakJo7YE	atomic snapshot 2e075ce7c3c1fd008b880f9130bc33304ef6d4a4	source metadata	false	eb37df06c77f4eda32feae31419d0eb8c3c908420ccf0f7199e95ea0bde0c2e6	
youtube-gemBQAsdfkc	sources/videos/youtube-gemBQAsdfkc.md	metadata-only	playlist metadata only	https://www.youtube.com/watch?v=gemBQAsdfkc	atomic snapshot 2e075ce7c3c1fd008b880f9130bc33304ef6d4a4	source metadata	false	10951070fb049617ce1b09218596b0c9610315bf14b5ee26d1f41a7e85f8cd21	
youtube-h6ej2BoAmvA	sources/videos/youtube-h6ej2BoAmvA.md	metadata-only	playlist metadata only	https://www.youtube.com/watch?v=h6ej2BoAmvA	atomic snapshot 2e075ce7c3c1fd008b880f9130bc33304ef6d4a4	source metadata	false	ff7480598d452fe94132ccab12fafa708ce66a98575d89dfbe04d8bf8f797eb1	
youtube-hZwlwrMHjlc	sources/videos/youtube-hZwlwrMHjlc.md	metadata-only	playlist metadata only	https://www.youtube.com/watch?v=hZwlwrMHjlc	atomic snapshot 2e075ce7c3c1fd008b880f9130bc33304ef6d4a4	source metadata	false	8b538a48b2b10f5a6aa23a98f2212681d9d49a64a2791488d09735a6c6f3f7c7	
youtube-icgExxzKG1I	sources/videos/youtube-icgExxzKG1I.md	metadata-only	playlist metadata only	https://www.youtube.com/watch?v=icgExxzKG1I	atomic snapshot 2e075ce7c3c1fd008b880f9130bc33304ef6d4a4	source metadata	false	7814def772d6c5ac77ae9372f5e9e292b78b068f57b7fed51eb2d25191b6afb1	
youtube-idB7Kh27DHA	sources/videos/youtube-idB7Kh27DHA.md	metadata-only	playlist metadata only	https://www.youtube.com/watch?v=idB7Kh27DHA	atomic snapshot 2e075ce7c3c1fd008b880f9130bc33304ef6d4a4	source metadata	false	f02e455eb085d2d026ee2c6b385ee8cbc4be0bf50151489dd698e7067cd4d05f	
youtube-is0AHkchX9U	sources/videos/youtube-is0AHkchX9U.md	metadata-only	playlist metadata only	https://www.youtube.com/watch?v=is0AHkchX9U	atomic snapshot 2e075ce7c3c1fd008b880f9130bc33304ef6d4a4	source metadata	false	a06b2232e9347ef4e6d4276e24c75b62e472053c47721461ede3d6bea7a212f7	
youtube-jEdDY2SKoWA	sources/videos/youtube-jEdDY2SKoWA.md	metadata-only	playlist metadata only	https://www.youtube.com/watch?v=jEdDY2SKoWA	atomic snapshot 2e075ce7c3c1fd008b880f9130bc33304ef6d4a4	source metadata	false	d814f933ba6ab2552a74c3a79c162f396a26085745873edc9f226b835ca40a19	
youtube-jG18XmUJoNU	sources/videos/youtube-jG18XmUJoNU.md	metadata-only	playlist metadata only	https://www.youtube.com/watch?v=jG18XmUJoNU	atomic snapshot 2e075ce7c3c1fd008b880f9130bc33304ef6d4a4	source metadata	false	d13e0cbbc9c21f6253b258776a890e06965e341b6aaa2c35b57ae8da01630e7e	
youtube-jjo4hq61f3I	sources/videos/youtube-jjo4hq61f3I.md	metadata-only	playlist metadata only	https://www.youtube.com/watch?v=jjo4hq61f3I	atomic snapshot 2e075ce7c3c1fd008b880f9130bc33304ef6d4a4	source metadata	false	435c32694c595b4f8280a87b944d9ea0ab05a0b67f1cd10a1844a6b55a0d7682	
youtube-kFwAHLmg93U	sources/videos/youtube-kFwAHLmg93U.md	metadata-only	playlist metadata only	https://www.youtube.com/watch?v=kFwAHLmg93U	atomic snapshot 2e075ce7c3c1fd008b880f9130bc33304ef6d4a4	source metadata	false	f0f817150072a4dbf154adac3c6ca1075e0c8a2ab13d794cda123b4bec1892df	
youtube-kLa3A8jvw-A	sources/videos/youtube-kLa3A8jvw-A.md	metadata-only	playlist metadata only	https://www.youtube.com/watch?v=kLa3A8jvw-A	atomic snapshot 2e075ce7c3c1fd008b880f9130bc33304ef6d4a4	source metadata	false	26a4b7a8e2ded3d8152ce6f462791be289668012bc906264adf75cfbdee64b7f	
youtube-kuTtqf5a0ls	sources/videos/youtube-kuTtqf5a0ls.md	metadata-only	playlist metadata only	https://www.youtube.com/watch?v=kuTtqf5a0ls	atomic snapshot 2e075ce7c3c1fd008b880f9130bc33304ef6d4a4	source metadata	false	43b3bb515bad4d13b28728860f2f5ac9efbd35635dfa4bad28f312b6484ba670	
youtube-lJsHz6ctAMI	sources/videos/youtube-lJsHz6ctAMI.md	metadata-only	playlist metadata only	https://www.youtube.com/watch?v=lJsHz6ctAMI	atomic snapshot 2e075ce7c3c1fd008b880f9130bc33304ef6d4a4	source metadata	false	172ca58dc1e2f1a19caf443510d097dd761e862d7b17ed06ababc1e9bf96550f	
youtube-lLgZejoH-p0	sources/videos/youtube-lLgZejoH-p0.md	metadata-only	playlist metadata only	https://www.youtube.com/watch?v=lLgZejoH-p0	atomic snapshot 2e075ce7c3c1fd008b880f9130bc33304ef6d4a4	source metadata	false	0be9e0a8b0852014b0a816f621e89377bd746c29e3de7b18fd7eeb1247e9cbf0	
youtube-lv9YjOHAh_0	sources/videos/youtube-lv9YjOHAh_0.md	metadata-only	playlist metadata only	https://www.youtube.com/watch?v=lv9YjOHAh_0	atomic snapshot 2e075ce7c3c1fd008b880f9130bc33304ef6d4a4	source metadata	false	103cc96c5f129dd70833da95e9eb3fd787fe6c0df670a035ee1ed9ddc196c7a5	
youtube-m67qpYeAV8Q	sources/videos/youtube-m67qpYeAV8Q.md	metadata-only	playlist metadata only	https://www.youtube.com/watch?v=m67qpYeAV8Q	atomic snapshot 2e075ce7c3c1fd008b880f9130bc33304ef6d4a4	source metadata	false	916161267f8cb9139a39e43d8faa5224d96643e6b3f233c27ad2bc70b727e261	
youtube-mB9ta-By88M	sources/videos/youtube-mB9ta-By88M.md	metadata-only	playlist metadata only	https://www.youtube.com/watch?v=mB9ta-By88M	atomic snapshot 2e075ce7c3c1fd008b880f9130bc33304ef6d4a4	source metadata	false	282eaf9fc9b0b7da899ff2fcedd4cab1ac115b1d494e6f0c7ca8c7334961a460	
youtube-mW3Uqqi61BM	sources/videos/youtube-mW3Uqqi61BM.md	metadata-only	playlist metadata only	https://www.youtube.com/watch?v=mW3Uqqi61BM	atomic snapshot 2e075ce7c3c1fd008b880f9130bc33304ef6d4a4	source metadata	false	8e50615192e2b3425c5d28e6625bcb438e0bf91ed5b7afea2582d04c936d88c6	
youtube-n1NvtUwfRJc	sources/videos/youtube-n1NvtUwfRJc.md	metadata-only	playlist metadata only	https://www.youtube.com/watch?v=n1NvtUwfRJc	atomic snapshot 2e075ce7c3c1fd008b880f9130bc33304ef6d4a4	source metadata	false	36ae34bb949c87649a63bd40953f10ea820aa2b0bd0fbb879a45adcfc752134f	
youtube-nQRnKyVyMuQ	sources/videos/youtube-nQRnKyVyMuQ.md	metadata-only	playlist metadata only	https://www.youtube.com/watch?v=nQRnKyVyMuQ	atomic snapshot 2e075ce7c3c1fd008b880f9130bc33304ef6d4a4	source metadata	false	7d1adbfe29e1dd2623860fbf42e1dc23483ba52bb928cda62f7c6b53652fe027	
youtube-nbdJGCi29nQ	sources/videos/youtube-nbdJGCi29nQ.md	metadata-only	playlist metadata only	https://www.youtube.com/watch?v=nbdJGCi29nQ	atomic snapshot 2e075ce7c3c1fd008b880f9130bc33304ef6d4a4	source metadata	false	5023954d6e4dc07a38015b7d7ae7cb87cf9cddc7ea9345dfb0cf02ea5bcec0f1	
youtube-okPbbH-wjKs	sources/videos/youtube-okPbbH-wjKs.md	metadata-only	playlist metadata only	https://www.youtube.com/watch?v=okPbbH-wjKs	atomic snapshot 2e075ce7c3c1fd008b880f9130bc33304ef6d4a4	source metadata	false	83064295364994385e829b9cd73b5d813508610fbfb1cce32301b35496b79d9f	
youtube-otZQXG6Ry8Y	sources/videos/youtube-otZQXG6Ry8Y.md	metadata-only	playlist metadata only	https://www.youtube.com/watch?v=otZQXG6Ry8Y	atomic snapshot 2e075ce7c3c1fd008b880f9130bc33304ef6d4a4	source metadata	false	321a7258bf5cdd7f11941a4ad34ed3b7fec9b3ff992bb710a8700aa9dec7baf3	
youtube-p5OMLjjts1c	sources/videos/youtube-p5OMLjjts1c.md	metadata-only	playlist metadata only	https://www.youtube.com/watch?v=p5OMLjjts1c	atomic snapshot 2e075ce7c3c1fd008b880f9130bc33304ef6d4a4	source metadata	false	77afea301b6f813f4e46f41b44391088db35f1e15c302a2fa9188858139bca3e	
youtube-pJ1T0REKh3o	sources/videos/youtube-pJ1T0REKh3o.md	metadata-only	playlist metadata only	https://www.youtube.com/watch?v=pJ1T0REKh3o	atomic snapshot 2e075ce7c3c1fd008b880f9130bc33304ef6d4a4	source metadata	false	6622582fc782b637f466333c3007229e6b3b2e8e119c171f8e0952a7ac9885bc	
youtube-pM0ostManF0	sources/videos/youtube-pM0ostManF0.md	metadata-only	playlist metadata only	https://www.youtube.com/watch?v=pM0ostManF0	atomic snapshot 2e075ce7c3c1fd008b880f9130bc33304ef6d4a4	source metadata	false	132a8233e4ec86495971a26ebc8354c669d4e66182a5603e05dbc37d33dee442	
youtube-pzjjB7EcuE0	sources/videos/youtube-pzjjB7EcuE0.md	metadata-only	playlist metadata only	https://www.youtube.com/watch?v=pzjjB7EcuE0	atomic snapshot 2e075ce7c3c1fd008b880f9130bc33304ef6d4a4	source metadata	false	334b2cf1afe94b963215c85025e34e009413aadeef916a304e456583acfdbfa6	
youtube-q7GqsDhWx3M	sources/videos/youtube-q7GqsDhWx3M.md	metadata-only	playlist metadata only	https://www.youtube.com/watch?v=q7GqsDhWx3M	atomic snapshot 2e075ce7c3c1fd008b880f9130bc33304ef6d4a4	source metadata	false	9882fc0e05602bbfa2c9e01ca24ada90c4b01d421324d1fcce242506c358a119	
youtube-qHf1qo31-aw	sources/videos/youtube-qHf1qo31-aw.md	metadata-only	playlist metadata only	https://www.youtube.com/watch?v=qHf1qo31-aw	atomic snapshot 2e075ce7c3c1fd008b880f9130bc33304ef6d4a4	source metadata	false	38d7130ae2f33602ae212cb7ff4162acc9f8542296cfe3a0cab91e62f2383b48	
youtube-qJDq68m4NTM	sources/videos/youtube-qJDq68m4NTM.md	metadata-only	playlist metadata only	https://www.youtube.com/watch?v=qJDq68m4NTM	atomic snapshot 2e075ce7c3c1fd008b880f9130bc33304ef6d4a4	source metadata	false	9049dc0da3a4ec482c76c15112c4659e368cfbc8b604e2febd7055104df2ee49	
youtube-qN8Hv9km4Eo	sources/videos/youtube-qN8Hv9km4Eo.md	metadata-only	playlist metadata only	https://www.youtube.com/watch?v=qN8Hv9km4Eo	atomic snapshot 2e075ce7c3c1fd008b880f9130bc33304ef6d4a4	source metadata	false	775cedba77437924116cea791a645894c770ca09ea6f9dc74e06ca7a0722bc31	
youtube-qQJ6LCOSvmI	sources/videos/youtube-qQJ6LCOSvmI.md	metadata-only	playlist metadata only	https://www.youtube.com/watch?v=qQJ6LCOSvmI	atomic snapshot 2e075ce7c3c1fd008b880f9130bc33304ef6d4a4	source metadata	false	ff395ae319c13233d332003224dff93af53030bd3d10d8c8c2deb0c9097afa6c	
youtube-qap4m_FR2J0	sources/videos/youtube-qap4m_FR2J0.md	metadata-only	playlist metadata only	https://www.youtube.com/watch?v=qap4m_FR2J0	atomic snapshot 2e075ce7c3c1fd008b880f9130bc33304ef6d4a4	source metadata	false	d6194d198d567c9a8b5b5fea0236d8994d6c4943fdeaf7890b4bbc63c95829ed	
youtube-qg_z290ukDY	sources/videos/youtube-qg_z290ukDY.md	metadata-only	playlist metadata only	https://www.youtube.com/watch?v=qg_z290ukDY	atomic snapshot 2e075ce7c3c1fd008b880f9130bc33304ef6d4a4	source metadata	false	94b496452b489b197b9396068ddd9ba90df261be53fd2eb0533ccd5b8ca46a50	
youtube-qsozrTXfHoc	sources/videos/youtube-qsozrTXfHoc.md	metadata-only	playlist metadata only	https://www.youtube.com/watch?v=qsozrTXfHoc	atomic snapshot 2e075ce7c3c1fd008b880f9130bc33304ef6d4a4	source metadata	false	60e5713a6e004cff31cddd94147c33bf5d52ec2e7219bee90a6a6d321222199c	
youtube-qxcpwO5_3Y8	sources/videos/youtube-qxcpwO5_3Y8.md	metadata-only	playlist metadata only	https://www.youtube.com/watch?v=qxcpwO5_3Y8	atomic snapshot 2e075ce7c3c1fd008b880f9130bc33304ef6d4a4	source metadata	false	81dad3fd33834c849d537b7409213056dadbccb3f0b9e45a440613c706839a67	
youtube-qyVHzJ40JqM	sources/videos/youtube-qyVHzJ40JqM.md	metadata-only	playlist metadata only	https://www.youtube.com/watch?v=qyVHzJ40JqM	atomic snapshot 2e075ce7c3c1fd008b880f9130bc33304ef6d4a4	source metadata	false	66bf50b5bca650365a4abbafc0dd5777513277d0efc9b0b34f3f697a8287b74e	
youtube-qzUk8W1-2pw	sources/videos/youtube-qzUk8W1-2pw.md	metadata-only	playlist metadata only	https://www.youtube.com/watch?v=qzUk8W1-2pw	atomic snapshot 2e075ce7c3c1fd008b880f9130bc33304ef6d4a4	source metadata	false	533ec40b273b58fc31f7d42f1c6e28721ce319208fc460bc21a04739fe657a6c	
youtube-rKAG3bHOYeY	sources/videos/youtube-rKAG3bHOYeY.md	metadata-only	playlist metadata only	https://www.youtube.com/watch?v=rKAG3bHOYeY	atomic snapshot 2e075ce7c3c1fd008b880f9130bc33304ef6d4a4	source metadata	false	3b4810fc736e405299b9984ba8785cf3a708649c505bc67ecc63830e5e301105	
youtube-rPefa_bT1tQ	sources/videos/youtube-rPefa_bT1tQ.md	metadata-only	playlist metadata only	https://www.youtube.com/watch?v=rPefa_bT1tQ	atomic snapshot 2e075ce7c3c1fd008b880f9130bc33304ef6d4a4	source metadata	false	e71e54817d3b7de77fc1ea75328d33d82815ad94e45f6ca7a760bfe2334f311c	
youtube-rRcvZFcmCLU	sources/videos/youtube-rRcvZFcmCLU.md	metadata-only	playlist metadata only	https://www.youtube.com/watch?v=rRcvZFcmCLU	atomic snapshot 2e075ce7c3c1fd008b880f9130bc33304ef6d4a4	source metadata	false	b02542215b60063e02165f289170adc6e932e39ef59d79727e5e55eb6d1ce053	
youtube-rYnXOYkwAdw	sources/videos/youtube-rYnXOYkwAdw.md	metadata-only	playlist metadata only	https://www.youtube.com/watch?v=rYnXOYkwAdw	atomic snapshot 2e075ce7c3c1fd008b880f9130bc33304ef6d4a4	source metadata	false	f31fb91823466b7d27f70616f651776a63aebd7c24915398637739aca15352ae	
youtube-rxRyxD8-tyM	sources/videos/youtube-rxRyxD8-tyM.md	metadata-only	playlist metadata only	https://www.youtube.com/watch?v=rxRyxD8-tyM	atomic snapshot 2e075ce7c3c1fd008b880f9130bc33304ef6d4a4	source metadata	false	b8c89f4a5d07835f53d05948cade58d240e751649e047abb3d5f79da902a824d	
youtube-ryG07ohauT0	sources/videos/youtube-ryG07ohauT0.md	metadata-only	playlist metadata only	https://www.youtube.com/watch?v=ryG07ohauT0	atomic snapshot 2e075ce7c3c1fd008b880f9130bc33304ef6d4a4	source metadata	false	865ab1d9f7242a83a97798bbcd985ac513d06d233bf9fa5e63a2ff438a968c62	
youtube-s4moCCh2zDE	sources/videos/youtube-s4moCCh2zDE.md	metadata-only	playlist metadata only	https://www.youtube.com/watch?v=s4moCCh2zDE	atomic snapshot 2e075ce7c3c1fd008b880f9130bc33304ef6d4a4	source metadata	false	0310c74ba2eb8186f1dac3a5ba38d304522727a0802fc0180becd81c3e5cf56c	
youtube-sAHuBJ6tOUc	sources/videos/youtube-sAHuBJ6tOUc.md	metadata-only	playlist metadata only	https://www.youtube.com/watch?v=sAHuBJ6tOUc	atomic snapshot 2e075ce7c3c1fd008b880f9130bc33304ef6d4a4	source metadata	false	83025318245266709701994713a96069e2443d3582336ac4d1accd89116fd46e	
youtube-sxtFoODc9vw	sources/videos/youtube-sxtFoODc9vw.md	metadata-only	playlist metadata only	https://www.youtube.com/watch?v=sxtFoODc9vw	atomic snapshot 2e075ce7c3c1fd008b880f9130bc33304ef6d4a4	source metadata	false	e54fabd963bf5974b7a94932cc09d9cc63dabcbb9357b79429cef7548676fdb1	
youtube-syyJEaxHEck	sources/videos/youtube-syyJEaxHEck.md	metadata-only	playlist metadata only	https://www.youtube.com/watch?v=syyJEaxHEck	atomic snapshot 2e075ce7c3c1fd008b880f9130bc33304ef6d4a4	source metadata	false	7e04590bcc648ed6431da92328fe80d3aa316967bec6223cd4070591624305c5	
youtube-tYYMoZGEzCc	sources/videos/youtube-tYYMoZGEzCc.md	metadata-only	playlist metadata only	https://www.youtube.com/watch?v=tYYMoZGEzCc	atomic snapshot 2e075ce7c3c1fd008b880f9130bc33304ef6d4a4	source metadata	false	17d31eed784bb2d662e12639af0e04e1624889c618e31a2250271e3315d6f9dc	
youtube-uSuF9nMIIos	sources/videos/youtube-uSuF9nMIIos.md	metadata-only	playlist metadata only	https://www.youtube.com/watch?v=uSuF9nMIIos	atomic snapshot 2e075ce7c3c1fd008b880f9130bc33304ef6d4a4	source metadata	false	e6ad81dfe1f67939b96a543025e33b22507cd39a46609091aba4a55423acd02c	
youtube-uiGq9vjwrF0	sources/videos/youtube-uiGq9vjwrF0.md	metadata-only	playlist metadata only	https://www.youtube.com/watch?v=uiGq9vjwrF0	atomic snapshot 2e075ce7c3c1fd008b880f9130bc33304ef6d4a4	source metadata	false	815422f784ec0b39cecf7b451e5df89afae5db6d5d45dc381d80f49b12c7c885	
youtube-unwAKlCdyas	sources/videos/youtube-unwAKlCdyas.md	metadata-only	playlist metadata only	https://www.youtube.com/watch?v=unwAKlCdyas	atomic snapshot 2e075ce7c3c1fd008b880f9130bc33304ef6d4a4	source metadata	false	f6c68e2d9cf2dd034b090a1c011b48826ec7c490bf6edd1c5f0d159436e82beb	
youtube-utqUOWRP2Ic	sources/videos/youtube-utqUOWRP2Ic.md	metadata-only	playlist metadata only	https://www.youtube.com/watch?v=utqUOWRP2Ic	atomic snapshot 2e075ce7c3c1fd008b880f9130bc33304ef6d4a4	source metadata	false	33792e32dd291a99e60c9c164e401b38b6243dbdd0a7387d9d95b999df4e5100	
youtube-uvgwU0raLRY	sources/videos/youtube-uvgwU0raLRY.md	metadata-only	playlist metadata only	https://www.youtube.com/watch?v=uvgwU0raLRY	atomic snapshot 2e075ce7c3c1fd008b880f9130bc33304ef6d4a4	source metadata	false	c8df348baf0f260cdc5aaad268d0616846410cbaceff2da202570964efc39ca5	
youtube-viY7DW2muoM	sources/videos/youtube-viY7DW2muoM.md	metadata-only	playlist metadata only	https://www.youtube.com/watch?v=viY7DW2muoM	atomic snapshot 2e075ce7c3c1fd008b880f9130bc33304ef6d4a4	source metadata	false	99affc17092109e5e65628625837b3a697a81e95457ecffb3aa36e3a5b9dbc04	
youtube-vnkm0Dvn_Ys	sources/videos/youtube-vnkm0Dvn_Ys.md	metadata-only	playlist metadata only	https://www.youtube.com/watch?v=vnkm0Dvn_Ys	atomic snapshot 2e075ce7c3c1fd008b880f9130bc33304ef6d4a4	source metadata	false	7ec2739c78d236a19b4ada39cd94be6e4c1aa80eb530c57754f51f541faeff24	
youtube-wGHWxQWigeM	sources/videos/youtube-wGHWxQWigeM.md	metadata-only	playlist metadata only	https://www.youtube.com/watch?v=wGHWxQWigeM	atomic snapshot 2e075ce7c3c1fd008b880f9130bc33304ef6d4a4	source metadata	false	d9138ce32477fc25a5e556eaa4056bbfb7e1d39ec219b8faf75438b099ceba9c	
youtube-wSn2YGY4rCY	sources/videos/youtube-wSn2YGY4rCY.md	metadata-only	playlist metadata only	https://www.youtube.com/watch?v=wSn2YGY4rCY	atomic snapshot 2e075ce7c3c1fd008b880f9130bc33304ef6d4a4	source metadata	false	4eab50ca538b9e17b38521c782194ac4cb74fb528ecf728dd3e27c6fd31ff24b	
youtube-wnxdG5rJ0oo	sources/videos/youtube-wnxdG5rJ0oo.md	metadata-only	playlist metadata only	https://www.youtube.com/watch?v=wnxdG5rJ0oo	atomic snapshot 2e075ce7c3c1fd008b880f9130bc33304ef6d4a4	source metadata	false	9ca415500618859b7f3175715531831b30dd3841b0ccd084c5ba6eef21e13573	
youtube-wp2V4p0JG-I	sources/videos/youtube-wp2V4p0JG-I.md	metadata-only	playlist metadata only	https://www.youtube.com/watch?v=wp2V4p0JG-I	atomic snapshot 2e075ce7c3c1fd008b880f9130bc33304ef6d4a4	source metadata	false	47880e6c2884eb8a6ac90901311063af7ce93186bae4e01846fc9bfe577db7c0	
youtube-xJDOuZzEAQc	sources/videos/youtube-xJDOuZzEAQc.md	metadata-only	playlist metadata only	https://www.youtube.com/watch?v=xJDOuZzEAQc	atomic snapshot 2e075ce7c3c1fd008b880f9130bc33304ef6d4a4	source metadata	false	8cfb4790a520afdf9dae33efe1385facde94efa92386991cfa7284b786102ee6	
youtube-xKSN3yjThf8	sources/videos/youtube-xKSN3yjThf8.md	metadata-only	playlist metadata only	https://www.youtube.com/watch?v=xKSN3yjThf8	atomic snapshot 2e075ce7c3c1fd008b880f9130bc33304ef6d4a4	source metadata	false	7047e4d83a3a8c4eeac0fe27386721bf40e4dba931dfc8a4ffa5a23ddfa5a6ff	
youtube-xP8yl5HItY0	sources/videos/youtube-xP8yl5HItY0.md	metadata-only	playlist metadata only	https://www.youtube.com/watch?v=xP8yl5HItY0	atomic snapshot 2e075ce7c3c1fd008b880f9130bc33304ef6d4a4	source metadata	false	ef785fbaec286c965d0b4df367b09b209bf05ef7a3280439c31224ce36c7c7a7	
youtube-xW8L-6u6nko	sources/videos/youtube-xW8L-6u6nko.md	metadata-only	playlist metadata only	https://www.youtube.com/watch?v=xW8L-6u6nko	atomic snapshot 2e075ce7c3c1fd008b880f9130bc33304ef6d4a4	source metadata	false	98d6da890577022e128bb8e97de955652a34fb4b3955e6899a20fb5141efdf8c	
youtube-xrqCMaCz-Gs	sources/videos/youtube-xrqCMaCz-Gs.md	metadata-only	playlist metadata only	https://www.youtube.com/watch?v=xrqCMaCz-Gs	atomic snapshot 2e075ce7c3c1fd008b880f9130bc33304ef6d4a4	source metadata	false	85c29c6f51f6d018716ec88ab0f947baac9a9d55f21ec9c5380b3c1c6089e576	
youtube-ykIGsn4B4Ek	sources/videos/youtube-ykIGsn4B4Ek.md	metadata-only	playlist metadata only	https://www.youtube.com/watch?v=ykIGsn4B4Ek	atomic snapshot 2e075ce7c3c1fd008b880f9130bc33304ef6d4a4	source metadata	false	371702dbd7719f9c52195a50c6a50ab2d202654326492df0ba004eddc6684cce	
youtube-yuN8Y870rp0	sources/videos/youtube-yuN8Y870rp0.md	metadata-only	playlist metadata only	https://www.youtube.com/watch?v=yuN8Y870rp0	atomic snapshot 2e075ce7c3c1fd008b880f9130bc33304ef6d4a4	source metadata	false	b0e6ef7da44d0767006096b5e3d76d043b71c8534915bfc07c5d29544889629a	
youtube-zkExLv1Gdxs	sources/videos/youtube-zkExLv1Gdxs.md	metadata-only	playlist metadata only	https://www.youtube.com/watch?v=zkExLv1Gdxs	atomic snapshot 2e075ce7c3c1fd008b880f9130bc33304ef6d4a4	source metadata	false	a4d8c77c4491c7864375e589835dcb3065e61b5ad7b7b7fd5805e0f2dbe09a08	
youtube-zoSQsVZfIcc	sources/videos/youtube-zoSQsVZfIcc.md	metadata-only	playlist metadata only	https://www.youtube.com/watch?v=zoSQsVZfIcc	atomic snapshot 2e075ce7c3c1fd008b880f9130bc33304ef6d4a4	source metadata	false	fd3c43da722a96a9060a21c66a219f4e59c67513b2b8db8dbfd78f93d7331ad6	
youtube-zoewhwUu3UQ	sources/videos/youtube-zoewhwUu3UQ.md	metadata-only	playlist metadata only	https://www.youtube.com/watch?v=zoewhwUu3UQ	atomic snapshot 2e075ce7c3c1fd008b880f9130bc33304ef6d4a4	source metadata	false	858459a59e8d0f896a3a1677164c73b8771a7ba583fe001b24624080ef7c1d0a	
trw-1250-2002	sources/reviewed/power-steering-review.md	scoped-extract-reviewed	commercial hydraulic steering mechanisms; exact car specs excluded	https://www.trwaftermarket.com/globalassets/na/trucksteering---literature/other-manuals/other-manuals-sm/trw1250.pdf	TRW 1250 copyright 2002	Notice/introduction/charts; tests 3/5/7-10/17-19/21	true	3a0760242d801129b0c3b7f414564d7148d872e6832fb482d60929f6f9400a4a	
ford-ssm-47522	sources/reviewed/power-steering-review.md	page-reviewed	2018 E350/E450 built 23-24 July 2018; WSM not acquired	https://static.nhtsa.gov/odi/tsbs/2018/MC-10149761-9999.pdf	SSM 47522 2018	complete single page	true	3a0760242d801129b0c3b7f414564d7148d872e6832fb482d60929f6f9400a4a	
gm-18-na-161-v4	sources/reviewed/power-steering-review.md	page-reviewed	model/year table page1; EPS statement LD only; historical not approved current SI	https://static.nhtsa.gov/odi/tsbs/2020/MC-10181672-9999.pdf	September 2020 version 4	pages 1-7; loaded-drop order pp2-4	true	3a0760242d801129b0c3b7f414564d7148d872e6832fb482d60929f6f9400a4a	
zf-ehps-noise	sources/reviewed/power-steering-review.md	scoped-extract-reviewed	component maker EHPS mechanisms; vehicle fluids/limits unknown	https://aftermarket.zf.com/br/portal-do-aftermarket/central-de-conhecimento/emissao-de-ruido-de-direcao-eletro-hidraulica/	undated page inspected 2026-10-08	technical body description through mounting/checklist	true	3a0760242d801129b0c3b7f414564d7148d872e6832fb482d60929f6f9400a4a	
bosch-eps-architecture	sources/reviewed/power-steering-review.md	scoped-extract-reviewed	EPS architecture only; no diagnostic specification	https://www.bosch-mobility.com/en/solutions/steering/electric-power-steering-systems/	undated page inspected 2026-10-08	operating principle and rack/column variants	true	3a0760242d801129b0c3b7f414564d7148d872e6832fb482d60929f6f9400a4a	
gm-pic5468c-2013	sources/reviewed/power-steering-review.md	page-reviewed	2006-2013 Impala/2006-2007 Monte Carlo historical mechanism only	https://static.nhtsa.gov/odi/tsbs/2014/SB-10038752-1726.pdf	PIC5468C January 2013	full pp1-2	true	3a0760242d801129b0c3b7f414564d7148d872e6832fb482d60929f6f9400a4a	
honda-gl1800-11v567	sources/reviewed/power-steering-review.md	page-reviewed	GL1800/A motorcycle notice scope; no car specification	https://static.nhtsa.gov/odi/rcl/2011/RCORRD-11V567-8637.pdf	Honda 11-0531 2011-12-02	page1 mechanism/page2 procedure boundary	true	3a0760242d801129b0c3b7f414564d7148d872e6832fb482d60929f6f9400a4a	
a4-measurement-note	sources/reviewed/alignment-measurement-sources.md	scoped-extract-reviewed	pinned historical review note read; no new video replay or exact-variant spec approval	https://github.com/the-twin-pines/ASE/blob/2ec8f4a9ae24a1cc68e4b67d14710b15ca22e71b/sources/reviewed/alignment-measurement-sources.md	A4 2ec8f4a9ae24a1cc68e4b67d14710b15ca22e71b	entire review note; qualitative setup/measurement boundaries	true	48fde3be76d19848df2042c0c154158739a750b24ff712d4f2a72ca43351e001	
a4-front-end-note	sources/reviewed/1a-auto-front-end-diagnosis.md	scoped-extract-reviewed	pinned historical source-review note read; relative-motion boundaries; no new video replay	https://github.com/the-twin-pines/ASE/blob/2ec8f4a9ae24a1cc68e4b67d14710b15ca22e71b/sources/reviewed/1a-auto-front-end-diagnosis.md	A4 2ec8f4a9ae24a1cc68e4b67d14710b15ca22e71b	entire note; relative motion versus shake position	true	5d9917b3d0f1b0867bf61442e647ad14a31b3b72abc1ba8078049d21a538f3da	
dakota-conflict-issue	sources/reviewed/power-steering-review.md	page-reviewed	original unresolved incident; not numeric service authority	https://github.com/the-twin-pines/ASE/issues/6	original issue inspected 2026-10-08	full incident and acceptance requirements	true	3a0760242d801129b0c3b7f414564d7148d872e6832fb482d60929f6f9400a4a	
