passage_id	source_ids	scope	path	sha256	status	citation
steering-architecture	bosch-eps-architecture;zf-ehps-noise	architecture only	sources/passages/steering-architecture.md	a09ce3822bd946d96778a427ae0b56a279c6a3f3176edf3204b2f89b773e09fc	scoped-reviewed-paraphrase-with-labeled-inference	https://www.bosch-mobility.com/en/solutions/steering/electric-power-steering-systems/, undated page inspected 2026-10-08, operating principle and rack/column variants; https://aftermarket.zf.com/br/portal-do-aftermarket/central-de-conhecimento/emissao-de-ruido-de-direcao-eletro-hidraulica/, undated page inspected 2026-10-08, technical body description through mounting/checklist
steering-idle-effort	trw-1250-2002	synthetic engine-driven hydraulic trace; no car specification	sources/passages/steering-idle-effort.md	a4210e68a14e45a209275597263f962fca9b34604ecdc4d2ed81d3636b2c5acc	scoped-reviewed-paraphrase-with-labeled-inference	https://www.trwaftermarket.com/globalassets/na/trucksteering---literature/other-manuals/other-manuals-sm/trw1250.pdf, TRW 1250 copyright 2002, Notice/introduction/charts; tests 3/5/7-10/17-19/21
steering-aeration-noise	ford-ssm-47522	synthetic narrow Ford condition; exact scope required	sources/passages/steering-aeration-noise.md	bdb575e21789e860dc9e17dd89df5a4db898621eb3073f9d63cfa0a9088c1b6a	scoped-reviewed-paraphrase-with-labeled-inference	https://static.nhtsa.gov/odi/tsbs/2018/MC-10149761-9999.pdf, SSM 47522 2018, complete single page
steering-asymmetry	trw-1250-2002	synthetic hydraulic gear/leakage versus mechanical trace	sources/passages/steering-asymmetry.md	61f10874dc9be56f12c3737a58ec19588c65cdd01ba30eb5100454272e64ee70	scoped-reviewed-paraphrase-with-labeled-inference	https://www.trwaftermarket.com/globalassets/na/trucksteering---literature/other-manuals/other-manuals-sm/trw1250.pdf, TRW 1250 copyright 2002, Notice/introduction/charts; tests 3/5/7-10/17-19/21
steering-eps-intermittent	gm-18-na-161-v4	synthetic LD EPS supply versus control trace; match bulletin table	sources/passages/steering-eps-intermittent.md	a67be426d03ffbf628ab66d4b0a333b5b0abb1d0717368e2888b89a2a160440b	scoped-reviewed-paraphrase-with-labeled-inference	https://static.nhtsa.gov/odi/tsbs/2020/MC-10181672-9999.pdf, September 2020 version 4, pages 1-7; loaded-drop order pp2-4
steering-mechanical-binding	trw-1250-2002;a4-front-end-note	synthetic column versus wheel-end binding; exact isolation procedure needed	sources/passages/steering-mechanical-binding.md	de42bad4ec10112a7bc5a013395cd95eb7d6416ce0ffa8aba53181aadd3b878b	scoped-reviewed-paraphrase-with-labeled-inference	https://www.trwaftermarket.com/globalassets/na/trucksteering---literature/other-manuals/other-manuals-sm/trw1250.pdf, TRW 1250 copyright 2002, Notice/introduction/charts; tests 3/5/7-10/17-19/21; https://github.com/the-twin-pines/ASE/blob/2ec8f4a9ae24a1cc68e4b67d14710b15ca22e71b/sources/reviewed/1a-auto-front-end-diagnosis.md, A4 2ec8f4a9ae24a1cc68e4b67d14710b15ca22e71b, entire note; relative motion versus shake position
steering-return-pull	trw-1250-2002;a4-measurement-note	synthetic tire/alignment versus friction trace; no accepted physical measurement	sources/passages/steering-return-pull.md	5811b473333546c27904eaea3e55a1f356b6659574ff81bcaa2af1242ee1ca96	scoped-reviewed-paraphrase-with-labeled-inference	https://www.trwaftermarket.com/globalassets/na/trucksteering---literature/other-manuals/other-manuals-sm/trw1250.pdf, TRW 1250 copyright 2002, Notice/introduction/charts; tests 3/5/7-10/17-19/21; https://github.com/the-twin-pines/ASE/blob/2ec8f4a9ae24a1cc68e4b67d14710b15ca22e71b/sources/reviewed/alignment-measurement-sources.md, A4 2ec8f4a9ae24a1cc68e4b67d14710b15ca22e71b, entire review note; qualitative setup/measurement boundaries
steering-ehps-noise	zf-ehps-noise	synthetic EHPS supply/air/line/mount versus pump trace	sources/passages/steering-ehps-noise.md	5a77b7cdb25421c310abb04db289a3bd986d25de6aeb114e223845e579ac312d	scoped-reviewed-paraphrase-with-labeled-inference	https://aftermarket.zf.com/br/portal-do-aftermarket/central-de-conhecimento/emissao-de-ruido-de-direcao-eletro-hidraulica/, undated page inspected 2026-10-08, technical body description through mounting/checklist
brake-travel	gm-pic5468c-2013	historical air-retention mechanism; synthetic diagnostic question	sources/passages/brake-travel.md	4f51964836b727b3a8995533548de451554d41d50a97d022a575faf87a1bec88	scoped-reviewed-paraphrase-with-labeled-inference	https://static.nhtsa.gov/odi/tsbs/2014/SB-10038752-1726.pdf, PIC5468C January 2013, full pp1-2
brake-heat	honda-gl1800-11v567	motorcycle compensation mechanism; car test is labeled inference	sources/passages/brake-heat.md	e63ad0bbf31a1febcc53e776e3451060c2bdc57cb60df131035c6c7403e19caa	scoped-reviewed-paraphrase-with-labeled-inference	https://static.nhtsa.gov/odi/rcl/2011/RCORRD-11V567-8637.pdf, Honda 11-0531 2011-12-02, page1 mechanism/page2 procedure boundary
alignment-integrity	a4-measurement-note;a4-front-end-note	qualitative validity and component-localization boundaries only	sources/passages/alignment-integrity.md	ab60d397a58460f6357295e5b4833f6f3c6db32944967ec15d465b3244948463	scoped-reviewed-paraphrase-with-labeled-inference	https://github.com/the-twin-pines/ASE/blob/2ec8f4a9ae24a1cc68e4b67d14710b15ca22e71b/sources/reviewed/alignment-measurement-sources.md, A4 2ec8f4a9ae24a1cc68e4b67d14710b15ca22e71b, entire review note; qualitative setup/measurement boundaries; https://github.com/the-twin-pines/ASE/blob/2ec8f4a9ae24a1cc68e4b67d14710b15ca22e71b/sources/reviewed/1a-auto-front-end-diagnosis.md, A4 2ec8f4a9ae24a1cc68e4b67d14710b15ca22e71b, entire note; relative motion versus shake position
torque-conflict	dakota-conflict-issue	unresolved Dakota conflict; no numeric prescription	sources/passages/torque-conflict.md	92d0237379fc714832be64a2654b73ae40c37c32ce27c2bcc80463d1b9682543	scoped-reviewed-paraphrase-with-labeled-inference	https://github.com/the-twin-pines/ASE/issues/6, original issue inspected 2026-10-08, full incident and acceptance requirements
