source_id	status	scope	citation	edition	location	sha256	note	note_sha256	reviewed_at	basis
trw-1250-2002	scoped-extract-reviewed	commercial hydraulic steering mechanisms; exact car specs excluded	https://www.trwaftermarket.com/globalassets/na/trucksteering---literature/other-manuals/other-manuals-sm/trw1250.pdf	TRW 1250 copyright 2002	Notice/introduction/charts; tests 3/5/7-10/17-19/21	3a0760242d801129b0c3b7f414564d7148d872e6832fb482d60929f6f9400a4a	sources/reviewed/power-steering-review.md	3a0760242d801129b0c3b7f414564d7148d872e6832fb482d60929f6f9400a4a	2026-10-08	individual source inspection; scoped paraphrase/inference; see per-ID review note
ford-ssm-47522	page-reviewed	2018 E350/E450 built 23-24 July 2018; WSM not acquired	https://static.nhtsa.gov/odi/tsbs/2018/MC-10149761-9999.pdf	SSM 47522 2018	complete single page	3a0760242d801129b0c3b7f414564d7148d872e6832fb482d60929f6f9400a4a	sources/reviewed/power-steering-review.md	3a0760242d801129b0c3b7f414564d7148d872e6832fb482d60929f6f9400a4a	2026-10-08	individual source inspection; scoped paraphrase/inference; see per-ID review note
gm-18-na-161-v4	page-reviewed	model/year table page1; EPS statement LD only; historical not approved current SI	https://static.nhtsa.gov/odi/tsbs/2020/MC-10181672-9999.pdf	September 2020 version 4	pages 1-7; loaded-drop order pp2-4	3a0760242d801129b0c3b7f414564d7148d872e6832fb482d60929f6f9400a4a	sources/reviewed/power-steering-review.md	3a0760242d801129b0c3b7f414564d7148d872e6832fb482d60929f6f9400a4a	2026-10-08	individual source inspection; scoped paraphrase/inference; see per-ID review note
zf-ehps-noise	scoped-extract-reviewed	component maker EHPS mechanisms; vehicle fluids/limits unknown	https://aftermarket.zf.com/br/portal-do-aftermarket/central-de-conhecimento/emissao-de-ruido-de-direcao-eletro-hidraulica/	undated page inspected 2026-10-08	technical body description through mounting/checklist	3a0760242d801129b0c3b7f414564d7148d872e6832fb482d60929f6f9400a4a	sources/reviewed/power-steering-review.md	3a0760242d801129b0c3b7f414564d7148d872e6832fb482d60929f6f9400a4a	2026-10-08	individual source inspection; scoped paraphrase/inference; see per-ID review note
bosch-eps-architecture	scoped-extract-reviewed	EPS architecture only; no diagnostic specification	https://www.bosch-mobility.com/en/solutions/steering/electric-power-steering-systems/	undated page inspected 2026-10-08	operating principle and rack/column variants	3a0760242d801129b0c3b7f414564d7148d872e6832fb482d60929f6f9400a4a	sources/reviewed/power-steering-review.md	3a0760242d801129b0c3b7f414564d7148d872e6832fb482d60929f6f9400a4a	2026-10-08	individual source inspection; scoped paraphrase/inference; see per-ID review note
gm-pic5468c-2013	page-reviewed	2006-2013 Impala/2006-2007 Monte Carlo historical mechanism only	https://static.nhtsa.gov/odi/tsbs/2014/SB-10038752-1726.pdf	PIC5468C January 2013	full pp1-2	3a0760242d801129b0c3b7f414564d7148d872e6832fb482d60929f6f9400a4a	sources/reviewed/power-steering-review.md	3a0760242d801129b0c3b7f414564d7148d872e6832fb482d60929f6f9400a4a	2026-10-08	individual source inspection; scoped paraphrase/inference; see per-ID review note
honda-gl1800-11v567	page-reviewed	GL1800/A motorcycle notice scope; no car specification	https://static.nhtsa.gov/odi/rcl/2011/RCORRD-11V567-8637.pdf	Honda 11-0531 2011-12-02	page1 mechanism/page2 procedure boundary	3a0760242d801129b0c3b7f414564d7148d872e6832fb482d60929f6f9400a4a	sources/reviewed/power-steering-review.md	3a0760242d801129b0c3b7f414564d7148d872e6832fb482d60929f6f9400a4a	2026-10-08	individual source inspection; scoped paraphrase/inference; see per-ID review note
a4-measurement-note	scoped-extract-reviewed	pinned historical review note read; no new video replay or exact-variant spec approval	https://github.com/the-twin-pines/ASE/blob/2ec8f4a9ae24a1cc68e4b67d14710b15ca22e71b/sources/reviewed/alignment-measurement-sources.md	A4 2ec8f4a9ae24a1cc68e4b67d14710b15ca22e71b	entire review note; qualitative setup/measurement boundaries	48fde3be76d19848df2042c0c154158739a750b24ff712d4f2a72ca43351e001	sources/reviewed/power-steering-review.md	3a0760242d801129b0c3b7f414564d7148d872e6832fb482d60929f6f9400a4a	2026-10-08	individual source inspection; scoped paraphrase/inference; see per-ID review note
a4-front-end-note	scoped-extract-reviewed	pinned historical source-review note read; relative-motion boundaries; no new video replay	https://github.com/the-twin-pines/ASE/blob/2ec8f4a9ae24a1cc68e4b67d14710b15ca22e71b/sources/reviewed/1a-auto-front-end-diagnosis.md	A4 2ec8f4a9ae24a1cc68e4b67d14710b15ca22e71b	entire note; relative motion versus shake position	5d9917b3d0f1b0867bf61442e647ad14a31b3b72abc1ba8078049d21a538f3da	sources/reviewed/power-steering-review.md	3a0760242d801129b0c3b7f414564d7148d872e6832fb482d60929f6f9400a4a	2026-10-08	individual source inspection; scoped paraphrase/inference; see per-ID review note
dakota-conflict-issue	page-reviewed	original unresolved incident; not numeric service authority	https://github.com/the-twin-pines/ASE/issues/6	original issue inspected 2026-10-08	full incident and acceptance requirements	3a0760242d801129b0c3b7f414564d7148d872e6832fb482d60929f6f9400a4a	sources/reviewed/power-steering-review.md	3a0760242d801129b0c3b7f414564d7148d872e6832fb482d60929f6f9400a4a	2026-10-08	individual source inspection; scoped paraphrase/inference; see per-ID review note
