input	ref	path
main	67f62c798437e0b44ea4eac0690d170a7af29bf4	AGENTS.md
main	67f62c798437e0b44ea4eac0690d170a7af29bf4	README.md
main	67f62c798437e0b44ea4eac0690d170a7af29bf4	brakes/README.md
main	67f62c798437e0b44ea4eac0690d170a7af29bf4	brakes/cases/001-long-pedal-hot-wheel.md
main	67f62c798437e0b44ea4eac0690d170a7af29bf4	brakes/questions.md
main	67f62c798437e0b44ea4eac0690d170a7af29bf4	brakes/sources/notes/abs-wheel-speed-stability.md
main	67f62c798437e0b44ea4eac0690d170a7af29bf4	brakes/sources/notes/boosters-valves-switches.md
main	67f62c798437e0b44ea4eac0690d170a7af29bf4	brakes/sources/notes/diagnosis-inspection-general.md
main	67f62c798437e0b44ea4eac0690d170a7af29bf4	brakes/sources/notes/disc-brakes-calipers-pads.md
main	67f62c798437e0b44ea4eac0690d170a7af29bf4	brakes/sources/notes/drum-parking-brakes.md
main	67f62c798437e0b44ea4eac0690d170a7af29bf4	brakes/sources/notes/hydraulics-bleeding-lines-master-cylinder.md
main	67f62c798437e0b44ea4eac0690d170a7af29bf4	brakes/sources/notes/rotors-runout-bedding-noise.md
main	67f62c798437e0b44ea4eac0690d170a7af29bf4	brakes/sources/playlist.md
main	67f62c798437e0b44ea4eac0690d170a7af29bf4	brakes/sources/urls.txt
main	67f62c798437e0b44ea4eac0690d170a7af29bf4	engine-repair/README.md
main	67f62c798437e0b44ea4eac0690d170a7af29bf4	engine-repair/sources/notes/adjacent-cross-area.md
main	67f62c798437e0b44ea4eac0690d170a7af29bf4	engine-repair/sources/notes/gaskets-assembly-rebuild.md
main	67f62c798437e0b44ea4eac0690d170a7af29bf4	engine-repair/sources/notes/general-design-diagnosis-crankcase.md
main	67f62c798437e0b44ea4eac0690d170a7af29bf4	engine-repair/sources/notes/inspection-measurement-blueprinting.md
main	67f62c798437e0b44ea4eac0690d170a7af29bf4	engine-repair/sources/notes/pistons-rings-rods-cylinders.md
main	67f62c798437e0b44ea4eac0690d170a7af29bf4	engine-repair/sources/playlist.md
main	67f62c798437e0b44ea4eac0690d170a7af29bf4	engine-repair/sources/urls.txt
main	67f62c798437e0b44ea4eac0690d170a7af29bf4	notes/electrarc240-480v-context.md
main	67f62c798437e0b44ea4eac0690d170a7af29bf4	notes/electrarc240.md
main	67f62c798437e0b44ea4eac0690d170a7af29bf4	tests/README.md
a4	2ec8f4a9ae24a1cc68e4b67d14710b15ca22e71b	AGENTS.md
a4	2ec8f4a9ae24a1cc68e4b67d14710b15ca22e71b	README.md
a4	2ec8f4a9ae24a1cc68e4b67d14710b15ca22e71b	notes/alignment-diagnostic-patterns.md
a4	2ec8f4a9ae24a1cc68e4b67d14710b15ca22e71b	notes/alignment-measurement-checklist.md
a4	2ec8f4a9ae24a1cc68e4b67d14710b15ca22e71b	notes/alignment-measurement-validity.md
a4	2ec8f4a9ae24a1cc68e4b67d14710b15ca22e71b	notes/alignment-result-plausibility.md
a4	2ec8f4a9ae24a1cc68e4b67d14710b15ca22e71b	notes/dakota-alignment-case.md
a4	2ec8f4a9ae24a1cc68e4b67d14710b15ca22e71b	notes/dakota-cam-jacobian-curvature.md
a4	2ec8f4a9ae24a1cc68e4b67d14710b15ca22e71b	notes/dakota-caster-recheck/README.md
a4	2ec8f4a9ae24a1cc68e4b67d14710b15ca22e71b	notes/dakota-caster-recheck/dakota_caster_recheck.py
a4	2ec8f4a9ae24a1cc68e4b67d14710b15ca22e71b	notes/dakota-caster-recheck/dakota_caster_recheck_results.json
a4	2ec8f4a9ae24a1cc68e4b67d14710b15ca22e71b	notes/dakota-caster-recheck/verification.json
a4	2ec8f4a9ae24a1cc68e4b67d14710b15ca22e71b	notes/front-end-diagnostic-patterns.md
a4	2ec8f4a9ae24a1cc68e4b67d14710b15ca22e71b	notes/suspension-response-cross-repository.md
a4	2ec8f4a9ae24a1cc68e4b67d14710b15ca22e71b	scripts/check_alignment_math.py
a4	2ec8f4a9ae24a1cc68e4b67d14710b15ca22e71b	scripts/check_alignment_plausibility.py
a4	2ec8f4a9ae24a1cc68e4b67d14710b15ca22e71b	scripts/check_cam_jacobian_curvature.py
a4	2ec8f4a9ae24a1cc68e4b67d14710b15ca22e71b	sources/alignment-video-audit.md
a4	2ec8f4a9ae24a1cc68e4b67d14710b15ca22e71b	sources/cross-checks.md
a4	2ec8f4a9ae24a1cc68e4b67d14710b15ca22e71b	sources/reviewed/1a-auto-front-end-diagnosis.md
a4	2ec8f4a9ae24a1cc68e4b67d14710b15ca22e71b	sources/reviewed/1a-auto-tires-alignment.md
a4	2ec8f4a9ae24a1cc68e4b67d14710b15ca22e71b	sources/reviewed/alignment-measurement-sources.md
a4	2ec8f4a9ae24a1cc68e4b67d14710b15ca22e71b	sources/reviewed/alignment-plausibility-sources.md
a4	2ec8f4a9ae24a1cc68e4b67d14710b15ca22e71b	sources/reviewed/gromov-curvature-suspension.md
a4	2ec8f4a9ae24a1cc68e4b67d14710b15ca22e71b	sources/video-queue.md
a5	dda240c100728ae4c5e3cf12455313c0f84263e2	README.md
a5	dda240c100728ae4c5e3cf12455313c0f84263e2	cases/001-long-pedal-hot-wheel.md
a5	dda240c100728ae4c5e3cf12455313c0f84263e2	questions.md
a5	dda240c100728ae4c5e3cf12455313c0f84263e2	sources/brakes-ii/README.md
a5	dda240c100728ae4c5e3cf12455313c0f84263e2	sources/brakes-ii/notes/abs-hcu-stability.md
a5	dda240c100728ae4c5e3cf12455313c0f84263e2	sources/brakes-ii/notes/diagnosis-components.md
a5	dda240c100728ae4c5e3cf12455313c0f84263e2	sources/brakes-ii/notes/disc-drum-parking.md
a5	dda240c100728ae4c5e3cf12455313c0f84263e2	sources/brakes-ii/notes/hydraulics-valves-boosters.md
a5	dda240c100728ae4c5e3cf12455313c0f84263e2	sources/brakes-ii/ram-man-study-sequence.md
a5	dda240c100728ae4c5e3cf12455313c0f84263e2	sources/brakes-ii/urls.txt
a5	dda240c100728ae4c5e3cf12455313c0f84263e2	sources/notes/abs-wheel-speed-stability.md
a5	dda240c100728ae4c5e3cf12455313c0f84263e2	sources/notes/boosters-valves-switches.md
a5	dda240c100728ae4c5e3cf12455313c0f84263e2	sources/notes/diagnosis-inspection-general.md
a5	dda240c100728ae4c5e3cf12455313c0f84263e2	sources/notes/disc-brakes-calipers-pads.md
a5	dda240c100728ae4c5e3cf12455313c0f84263e2	sources/notes/drum-parking-brakes.md
a5	dda240c100728ae4c5e3cf12455313c0f84263e2	sources/notes/hydraulics-bleeding-lines-master-cylinder.md
a5	dda240c100728ae4c5e3cf12455313c0f84263e2	sources/notes/rotors-runout-bedding-noise.md
a5	dda240c100728ae4c5e3cf12455313c0f84263e2	sources/playlist.md
a5	dda240c100728ae4c5e3cf12455313c0f84263e2	sources/reviewed/README.md
a5	dda240c100728ae4c5e3cf12455313c0f84263e2	sources/reviewed/ram-man-hydraulic-diagnosis.md
a5	dda240c100728ae4c5e3cf12455313c0f84263e2	sources/reviewed/ram-man-pedal-travel.md
a5	dda240c100728ae4c5e3cf12455313c0f84263e2	sources/reviewed/ram-man-proportioning-metering.md
a5	dda240c100728ae4c5e3cf12455313c0f84263e2	sources/urls.txt
atomic	2e075ce7c3c1fd008b880f9130bc33304ef6d4a4	README.md
atomic	2e075ce7c3c1fd008b880f9130bc33304ef6d4a4	SOURCE_ARCHITECTURE.md
atomic	2e075ce7c3c1fd008b880f9130bc33304ef6d4a4	_legacy/playlist-indexes/brakes.md
atomic	2e075ce7c3c1fd008b880f9130bc33304ef6d4a4	_legacy/playlist-indexes/engine-repair.md
atomic	2e075ce7c3c1fd008b880f9130bc33304ef6d4a4	_legacy/title-grouping/README.md
atomic	2e075ce7c3c1fd008b880f9130bc33304ef6d4a4	_legacy/title-grouping/brakes/abs-wheel-speed-stability.md
atomic	2e075ce7c3c1fd008b880f9130bc33304ef6d4a4	_legacy/title-grouping/brakes/boosters-valves-switches.md
atomic	2e075ce7c3c1fd008b880f9130bc33304ef6d4a4	_legacy/title-grouping/brakes/diagnosis-inspection-general.md
atomic	2e075ce7c3c1fd008b880f9130bc33304ef6d4a4	_legacy/title-grouping/brakes/disc-brakes-calipers-pads.md
atomic	2e075ce7c3c1fd008b880f9130bc33304ef6d4a4	_legacy/title-grouping/brakes/drum-parking-brakes.md
atomic	2e075ce7c3c1fd008b880f9130bc33304ef6d4a4	_legacy/title-grouping/brakes/hydraulics-bleeding-lines-master-cylinder.md
atomic	2e075ce7c3c1fd008b880f9130bc33304ef6d4a4	_legacy/title-grouping/brakes/rotors-runout-bedding-noise.md
atomic	2e075ce7c3c1fd008b880f9130bc33304ef6d4a4	_legacy/title-grouping/engine-repair/adjacent-cross-area.md
atomic	2e075ce7c3c1fd008b880f9130bc33304ef6d4a4	_legacy/title-grouping/engine-repair/gaskets-assembly-rebuild.md
atomic	2e075ce7c3c1fd008b880f9130bc33304ef6d4a4	_legacy/title-grouping/engine-repair/general-design-diagnosis-crankcase.md
atomic	2e075ce7c3c1fd008b880f9130bc33304ef6d4a4	_legacy/title-grouping/engine-repair/inspection-measurement-blueprinting.md
atomic	2e075ce7c3c1fd008b880f9130bc33304ef6d4a4	_legacy/title-grouping/engine-repair/pistons-rings-rods-cylinders.md
atomic	2e075ce7c3c1fd008b880f9130bc33304ef6d4a4	brakes/README.md
atomic	2e075ce7c3c1fd008b880f9130bc33304ef6d4a4	brakes/cases/001-long-pedal-hot-wheel.md
atomic	2e075ce7c3c1fd008b880f9130bc33304ef6d4a4	brakes/questions.md
atomic	2e075ce7c3c1fd008b880f9130bc33304ef6d4a4	brakes/reference/diagnostic-frame.md
atomic	2e075ce7c3c1fd008b880f9130bc33304ef6d4a4	brakes/reference/hydraulics-service-notes.md
atomic	2e075ce7c3c1fd008b880f9130bc33304ef6d4a4	brakes/synthesis/README.md
atomic	2e075ce7c3c1fd008b880f9130bc33304ef6d4a4	check_sources.py
atomic	2e075ce7c3c1fd008b880f9130bc33304ef6d4a4	engine-repair/README.md
atomic	2e075ce7c3c1fd008b880f9130bc33304ef6d4a4	engine-repair/reference/working-frame.md
atomic	2e075ce7c3c1fd008b880f9130bc33304ef6d4a4	engine-repair/synthesis/README.md
atomic	2e075ce7c3c1fd008b880f9130bc33304ef6d4a4	notes/electrarc240-480v-context.md
atomic	2e075ce7c3c1fd008b880f9130bc33304ef6d4a4	notes/electrarc240.md
atomic	2e075ce7c3c1fd008b880f9130bc33304ef6d4a4	sources/README.md
atomic	2e075ce7c3c1fd008b880f9130bc33304ef6d4a4	sources/playlists/README.md
atomic	2e075ce7c3c1fd008b880f9130bc33304ef6d4a4	sources/playlists/raw/youtube-PLsL28no_u_qSN_m4HWRO7y5S3ebMUksYy.txt
atomic	2e075ce7c3c1fd008b880f9130bc33304ef6d4a4	sources/playlists/raw/youtube-PLsL28no_u_qTMnCGZzthq88dzpxOuThHm.txt
atomic	2e075ce7c3c1fd008b880f9130bc33304ef6d4a4	sources/playlists/youtube-PLsL28no_u_qSN_m4HWRO7y5S3ebMUksYy.json
atomic	2e075ce7c3c1fd008b880f9130bc33304ef6d4a4	sources/playlists/youtube-PLsL28no_u_qSN_m4HWRO7y5S3ebMUksYy.md
atomic	2e075ce7c3c1fd008b880f9130bc33304ef6d4a4	sources/playlists/youtube-PLsL28no_u_qTMnCGZzthq88dzpxOuThHm.json
atomic	2e075ce7c3c1fd008b880f9130bc33304ef6d4a4	sources/playlists/youtube-PLsL28no_u_qTMnCGZzthq88dzpxOuThHm.md
atomic	2e075ce7c3c1fd008b880f9130bc33304ef6d4a4	sources/videos/README.md
atomic	2e075ce7c3c1fd008b880f9130bc33304ef6d4a4	sources/videos/youtube--9g13eqgN2I.md
atomic	2e075ce7c3c1fd008b880f9130bc33304ef6d4a4	sources/videos/youtube--IUZWwMm7nY.md
atomic	2e075ce7c3c1fd008b880f9130bc33304ef6d4a4	sources/videos/youtube--SunMqEV-kE.md
atomic	2e075ce7c3c1fd008b880f9130bc33304ef6d4a4	sources/videos/youtube--kbDLUHZFqU.md
atomic	2e075ce7c3c1fd008b880f9130bc33304ef6d4a4	sources/videos/youtube-00kNA_uTkOc.md
atomic	2e075ce7c3c1fd008b880f9130bc33304ef6d4a4	sources/videos/youtube-0AKEWSh9jz8.md
atomic	2e075ce7c3c1fd008b880f9130bc33304ef6d4a4	sources/videos/youtube-0Cf8mJ83buo.md
atomic	2e075ce7c3c1fd008b880f9130bc33304ef6d4a4	sources/videos/youtube-0I0cqn6uQCQ.md
atomic	2e075ce7c3c1fd008b880f9130bc33304ef6d4a4	sources/videos/youtube-0XED-FicmcQ.md
atomic	2e075ce7c3c1fd008b880f9130bc33304ef6d4a4	sources/videos/youtube-0m-nBL2N8l4.md
atomic	2e075ce7c3c1fd008b880f9130bc33304ef6d4a4	sources/videos/youtube-1O1dOgG9cII.md
atomic	2e075ce7c3c1fd008b880f9130bc33304ef6d4a4	sources/videos/youtube-1wwq1Vlk4Wg.md
atomic	2e075ce7c3c1fd008b880f9130bc33304ef6d4a4	sources/videos/youtube-2Ll5jA1tZEw.md
atomic	2e075ce7c3c1fd008b880f9130bc33304ef6d4a4	sources/videos/youtube-3fEJ7o_yLFI.md
atomic	2e075ce7c3c1fd008b880f9130bc33304ef6d4a4	sources/videos/youtube-3uvc5v4ssJM.md
atomic	2e075ce7c3c1fd008b880f9130bc33304ef6d4a4	sources/videos/youtube-46KgDEyD0Pc.md
atomic	2e075ce7c3c1fd008b880f9130bc33304ef6d4a4	sources/videos/youtube-4S8MFQ74Cvw.md
atomic	2e075ce7c3c1fd008b880f9130bc33304ef6d4a4	sources/videos/youtube-58UhYZbj-CM.md
atomic	2e075ce7c3c1fd008b880f9130bc33304ef6d4a4	sources/videos/youtube-5e79GU6NyLI.md
atomic	2e075ce7c3c1fd008b880f9130bc33304ef6d4a4	sources/videos/youtube-5rTZ7wJUDhc.md
atomic	2e075ce7c3c1fd008b880f9130bc33304ef6d4a4	sources/videos/youtube-79IpIcOIex4.md
atomic	2e075ce7c3c1fd008b880f9130bc33304ef6d4a4	sources/videos/youtube-7dcMALEKBCc.md
atomic	2e075ce7c3c1fd008b880f9130bc33304ef6d4a4	sources/videos/youtube-7kTmosL_x1c.md
atomic	2e075ce7c3c1fd008b880f9130bc33304ef6d4a4	sources/videos/youtube-7rImn6nJ4Dw.md
atomic	2e075ce7c3c1fd008b880f9130bc33304ef6d4a4	sources/videos/youtube-8-viUNCwmjg.md
atomic	2e075ce7c3c1fd008b880f9130bc33304ef6d4a4	sources/videos/youtube-9510wlsGeXY.md
atomic	2e075ce7c3c1fd008b880f9130bc33304ef6d4a4	sources/videos/youtube-9AZjtb2DmpU.md
atomic	2e075ce7c3c1fd008b880f9130bc33304ef6d4a4	sources/videos/youtube-9PIeyn9BSTQ.md
atomic	2e075ce7c3c1fd008b880f9130bc33304ef6d4a4	sources/videos/youtube-9f7hpI5JvyE.md
atomic	2e075ce7c3c1fd008b880f9130bc33304ef6d4a4	sources/videos/youtube-9l_S2EbzWAM.md
atomic	2e075ce7c3c1fd008b880f9130bc33304ef6d4a4	sources/videos/youtube-9pcqt_8OezA.md
atomic	2e075ce7c3c1fd008b880f9130bc33304ef6d4a4	sources/videos/youtube-A_paPAN_amQ.md
atomic	2e075ce7c3c1fd008b880f9130bc33304ef6d4a4	sources/videos/youtube-B3JUPt4upxk.md
atomic	2e075ce7c3c1fd008b880f9130bc33304ef6d4a4	sources/videos/youtube-BBTOp-Xzgug.md
atomic	2e075ce7c3c1fd008b880f9130bc33304ef6d4a4	sources/videos/youtube-BZD2GPowIBk.md
atomic	2e075ce7c3c1fd008b880f9130bc33304ef6d4a4	sources/videos/youtube-BfC_c2Hcc6A.md
atomic	2e075ce7c3c1fd008b880f9130bc33304ef6d4a4	sources/videos/youtube-C-6mZLUyWyo.md
atomic	2e075ce7c3c1fd008b880f9130bc33304ef6d4a4	sources/videos/youtube-CWuOrHAEr-k.md
atomic	2e075ce7c3c1fd008b880f9130bc33304ef6d4a4	sources/videos/youtube-DIVDjqniUX8.md
atomic	2e075ce7c3c1fd008b880f9130bc33304ef6d4a4	sources/videos/youtube-DNcDtIQAC9s.md
atomic	2e075ce7c3c1fd008b880f9130bc33304ef6d4a4	sources/videos/youtube-DRlw9zgmUEg.md
atomic	2e075ce7c3c1fd008b880f9130bc33304ef6d4a4	sources/videos/youtube-DWzttlb7Sw4.md
atomic	2e075ce7c3c1fd008b880f9130bc33304ef6d4a4	sources/videos/youtube-FtJXD4KD1dI.md
atomic	2e075ce7c3c1fd008b880f9130bc33304ef6d4a4	sources/videos/youtube-GDUODN1Obt8.md
atomic	2e075ce7c3c1fd008b880f9130bc33304ef6d4a4	sources/videos/youtube-H9LYrjbFj6I.md
atomic	2e075ce7c3c1fd008b880f9130bc33304ef6d4a4	sources/videos/youtube-HWi5pPC3VJg.md
atomic	2e075ce7c3c1fd008b880f9130bc33304ef6d4a4	sources/videos/youtube-HxTP-39Qd90.md
atomic	2e075ce7c3c1fd008b880f9130bc33304ef6d4a4	sources/videos/youtube-I4Ka4__ws1E.md
atomic	2e075ce7c3c1fd008b880f9130bc33304ef6d4a4	sources/videos/youtube-IBF78tzF6y4.md
atomic	2e075ce7c3c1fd008b880f9130bc33304ef6d4a4	sources/videos/youtube-IKi5O3ZlSu4.md
atomic	2e075ce7c3c1fd008b880f9130bc33304ef6d4a4	sources/videos/youtube-IlUUX2bXmp4.md
atomic	2e075ce7c3c1fd008b880f9130bc33304ef6d4a4	sources/videos/youtube-IwbzrOhDuZw.md
atomic	2e075ce7c3c1fd008b880f9130bc33304ef6d4a4	sources/videos/youtube-JX28yLxYwtU.md
atomic	2e075ce7c3c1fd008b880f9130bc33304ef6d4a4	sources/videos/youtube-KCw-ky1ozoE.md
atomic	2e075ce7c3c1fd008b880f9130bc33304ef6d4a4	sources/videos/youtube-KNo7wud4gDg.md
atomic	2e075ce7c3c1fd008b880f9130bc33304ef6d4a4	sources/videos/youtube-KVcbqTeuNhM.md
atomic	2e075ce7c3c1fd008b880f9130bc33304ef6d4a4	sources/videos/youtube-KnUFH5GX_fI.md
atomic	2e075ce7c3c1fd008b880f9130bc33304ef6d4a4	sources/videos/youtube-LC3jCyHjWqo.md
atomic	2e075ce7c3c1fd008b880f9130bc33304ef6d4a4	sources/videos/youtube-LFdJ4SQszQA.md
atomic	2e075ce7c3c1fd008b880f9130bc33304ef6d4a4	sources/videos/youtube-LTD6dxaNdhE.md
atomic	2e075ce7c3c1fd008b880f9130bc33304ef6d4a4	sources/videos/youtube-LThrL8Jjsgc.md
atomic	2e075ce7c3c1fd008b880f9130bc33304ef6d4a4	sources/videos/youtube-LVdCbcRo7AA.md
atomic	2e075ce7c3c1fd008b880f9130bc33304ef6d4a4	sources/videos/youtube-LY_0REE-g0c.md
atomic	2e075ce7c3c1fd008b880f9130bc33304ef6d4a4	sources/videos/youtube-MF5fXdLIXkY.md
atomic	2e075ce7c3c1fd008b880f9130bc33304ef6d4a4	sources/videos/youtube-MT4OT-HGdvc.md
atomic	2e075ce7c3c1fd008b880f9130bc33304ef6d4a4	sources/videos/youtube-MqLx0SC800I.md
atomic	2e075ce7c3c1fd008b880f9130bc33304ef6d4a4	sources/videos/youtube-Ns5R0ja8rL4.md
atomic	2e075ce7c3c1fd008b880f9130bc33304ef6d4a4	sources/videos/youtube-O69pf7RgLrM.md
atomic	2e075ce7c3c1fd008b880f9130bc33304ef6d4a4	sources/videos/youtube-OhRd9v13w7k.md
atomic	2e075ce7c3c1fd008b880f9130bc33304ef6d4a4	sources/videos/youtube-OuYueUeRsWs.md
atomic	2e075ce7c3c1fd008b880f9130bc33304ef6d4a4	sources/videos/youtube-P0OhnhD_opc.md
atomic	2e075ce7c3c1fd008b880f9130bc33304ef6d4a4	sources/videos/youtube-PJDf8ZVczPg.md
atomic	2e075ce7c3c1fd008b880f9130bc33304ef6d4a4	sources/videos/youtube-PK_8qDb3HD8.md
atomic	2e075ce7c3c1fd008b880f9130bc33304ef6d4a4	sources/videos/youtube-Q0N-f7J36HE.md
atomic	2e075ce7c3c1fd008b880f9130bc33304ef6d4a4	sources/videos/youtube-QUX76rwzBTc.md
atomic	2e075ce7c3c1fd008b880f9130bc33304ef6d4a4	sources/videos/youtube-QUubgWPLctk.md
atomic	2e075ce7c3c1fd008b880f9130bc33304ef6d4a4	sources/videos/youtube-ROONOeOUEys.md
atomic	2e075ce7c3c1fd008b880f9130bc33304ef6d4a4	sources/videos/youtube-RZJkFcvP65c.md
atomic	2e075ce7c3c1fd008b880f9130bc33304ef6d4a4	sources/videos/youtube-RrSn0M7n9eE.md
atomic	2e075ce7c3c1fd008b880f9130bc33304ef6d4a4	sources/videos/youtube-STGclG0w8vA.md
atomic	2e075ce7c3c1fd008b880f9130bc33304ef6d4a4	sources/videos/youtube-T74B_aELnU0.md
atomic	2e075ce7c3c1fd008b880f9130bc33304ef6d4a4	sources/videos/youtube-TS72c7AfV0k.md
atomic	2e075ce7c3c1fd008b880f9130bc33304ef6d4a4	sources/videos/youtube-TSCkvaSb-nI.md
atomic	2e075ce7c3c1fd008b880f9130bc33304ef6d4a4	sources/videos/youtube-Ts-cZj81bUA.md
atomic	2e075ce7c3c1fd008b880f9130bc33304ef6d4a4	sources/videos/youtube-UR8FUjFOrmA.md
atomic	2e075ce7c3c1fd008b880f9130bc33304ef6d4a4	sources/videos/youtube-UUEPJV-jzL0.md
atomic	2e075ce7c3c1fd008b880f9130bc33304ef6d4a4	sources/videos/youtube-UeC8fy5SWv0.md
atomic	2e075ce7c3c1fd008b880f9130bc33304ef6d4a4	sources/videos/youtube-UldlcFkxoRI.md
atomic	2e075ce7c3c1fd008b880f9130bc33304ef6d4a4	sources/videos/youtube-UmGEYy_gj7A.md
atomic	2e075ce7c3c1fd008b880f9130bc33304ef6d4a4	sources/videos/youtube-V4LkqdD-26o.md
atomic	2e075ce7c3c1fd008b880f9130bc33304ef6d4a4	sources/videos/youtube-VWoWsNPAZ2k.md
atomic	2e075ce7c3c1fd008b880f9130bc33304ef6d4a4	sources/videos/youtube-WEk1Kte4yCM.md
atomic	2e075ce7c3c1fd008b880f9130bc33304ef6d4a4	sources/videos/youtube-WUfjcgxI0Q4.md
atomic	2e075ce7c3c1fd008b880f9130bc33304ef6d4a4	sources/videos/youtube-WYB4vOv7Iag.md
atomic	2e075ce7c3c1fd008b880f9130bc33304ef6d4a4	sources/videos/youtube-X3Crh_URvrk.md
atomic	2e075ce7c3c1fd008b880f9130bc33304ef6d4a4	sources/videos/youtube-X_hFGyWrE2Y.md
atomic	2e075ce7c3c1fd008b880f9130bc33304ef6d4a4	sources/videos/youtube-Y-Hsip4-5Is.md
atomic	2e075ce7c3c1fd008b880f9130bc33304ef6d4a4	sources/videos/youtube-YAgJpKyAR1Y.md
atomic	2e075ce7c3c1fd008b880f9130bc33304ef6d4a4	sources/videos/youtube-YT8ySllYqDE.md
atomic	2e075ce7c3c1fd008b880f9130bc33304ef6d4a4	sources/videos/youtube-ZB9XZturFdk.md
atomic	2e075ce7c3c1fd008b880f9130bc33304ef6d4a4	sources/videos/youtube-ZNnOfOMMjgs.md
atomic	2e075ce7c3c1fd008b880f9130bc33304ef6d4a4	sources/videos/youtube-ZaB7wfuQ6Mk.md
atomic	2e075ce7c3c1fd008b880f9130bc33304ef6d4a4	sources/videos/youtube-ZuW-TqjXqp0.md
atomic	2e075ce7c3c1fd008b880f9130bc33304ef6d4a4	sources/videos/youtube-_Da93hkQiXw.md
atomic	2e075ce7c3c1fd008b880f9130bc33304ef6d4a4	sources/videos/youtube-_DkKWvkOc1o.md
atomic	2e075ce7c3c1fd008b880f9130bc33304ef6d4a4	sources/videos/youtube-_EJ5s2ZnDwQ.md
atomic	2e075ce7c3c1fd008b880f9130bc33304ef6d4a4	sources/videos/youtube-_HioFTF2JPE.md
atomic	2e075ce7c3c1fd008b880f9130bc33304ef6d4a4	sources/videos/youtube-_Tm6N5l69_c.md
atomic	2e075ce7c3c1fd008b880f9130bc33304ef6d4a4	sources/videos/youtube-aMDACU9083g.md
atomic	2e075ce7c3c1fd008b880f9130bc33304ef6d4a4	sources/videos/youtube-aU37qVvg_Ow.md
atomic	2e075ce7c3c1fd008b880f9130bc33304ef6d4a4	sources/videos/youtube-av73CXPl4eM.md
atomic	2e075ce7c3c1fd008b880f9130bc33304ef6d4a4	sources/videos/youtube-axaTTwEUYNQ.md
atomic	2e075ce7c3c1fd008b880f9130bc33304ef6d4a4	sources/videos/youtube-bLaQGWtd1O4.md
atomic	2e075ce7c3c1fd008b880f9130bc33304ef6d4a4	sources/videos/youtube-bnc3VnQ8kUY.md
atomic	2e075ce7c3c1fd008b880f9130bc33304ef6d4a4	sources/videos/youtube-bz1W8H1Y3nw.md
atomic	2e075ce7c3c1fd008b880f9130bc33304ef6d4a4	sources/videos/youtube-cLJFwYYSgio.md
atomic	2e075ce7c3c1fd008b880f9130bc33304ef6d4a4	sources/videos/youtube-dD1dbNtH-6s.md
atomic	2e075ce7c3c1fd008b880f9130bc33304ef6d4a4	sources/videos/youtube-dEn92Q-fAeo.md
atomic	2e075ce7c3c1fd008b880f9130bc33304ef6d4a4	sources/videos/youtube-duWmPNEJ1zM.md
atomic	2e075ce7c3c1fd008b880f9130bc33304ef6d4a4	sources/videos/youtube-fAdMPh9UvC0.md
atomic	2e075ce7c3c1fd008b880f9130bc33304ef6d4a4	sources/videos/youtube-fQnt08Yjti0.md
atomic	2e075ce7c3c1fd008b880f9130bc33304ef6d4a4	sources/videos/youtube-g63mP4HwVEQ.md
atomic	2e075ce7c3c1fd008b880f9130bc33304ef6d4a4	sources/videos/youtube-gAKBZG9kQPw.md
atomic	2e075ce7c3c1fd008b880f9130bc33304ef6d4a4	sources/videos/youtube-gH0Xxwx5hrk.md
atomic	2e075ce7c3c1fd008b880f9130bc33304ef6d4a4	sources/videos/youtube-gYJsakJo7YE.md
atomic	2e075ce7c3c1fd008b880f9130bc33304ef6d4a4	sources/videos/youtube-gemBQAsdfkc.md
atomic	2e075ce7c3c1fd008b880f9130bc33304ef6d4a4	sources/videos/youtube-h6ej2BoAmvA.md
atomic	2e075ce7c3c1fd008b880f9130bc33304ef6d4a4	sources/videos/youtube-hZwlwrMHjlc.md
atomic	2e075ce7c3c1fd008b880f9130bc33304ef6d4a4	sources/videos/youtube-icgExxzKG1I.md
atomic	2e075ce7c3c1fd008b880f9130bc33304ef6d4a4	sources/videos/youtube-idB7Kh27DHA.md
atomic	2e075ce7c3c1fd008b880f9130bc33304ef6d4a4	sources/videos/youtube-is0AHkchX9U.md
atomic	2e075ce7c3c1fd008b880f9130bc33304ef6d4a4	sources/videos/youtube-jEdDY2SKoWA.md
atomic	2e075ce7c3c1fd008b880f9130bc33304ef6d4a4	sources/videos/youtube-jG18XmUJoNU.md
atomic	2e075ce7c3c1fd008b880f9130bc33304ef6d4a4	sources/videos/youtube-jjo4hq61f3I.md
atomic	2e075ce7c3c1fd008b880f9130bc33304ef6d4a4	sources/videos/youtube-kFwAHLmg93U.md
atomic	2e075ce7c3c1fd008b880f9130bc33304ef6d4a4	sources/videos/youtube-kLa3A8jvw-A.md
atomic	2e075ce7c3c1fd008b880f9130bc33304ef6d4a4	sources/videos/youtube-kuTtqf5a0ls.md
atomic	2e075ce7c3c1fd008b880f9130bc33304ef6d4a4	sources/videos/youtube-lJsHz6ctAMI.md
atomic	2e075ce7c3c1fd008b880f9130bc33304ef6d4a4	sources/videos/youtube-lLgZejoH-p0.md
atomic	2e075ce7c3c1fd008b880f9130bc33304ef6d4a4	sources/videos/youtube-lv9YjOHAh_0.md
atomic	2e075ce7c3c1fd008b880f9130bc33304ef6d4a4	sources/videos/youtube-m67qpYeAV8Q.md
atomic	2e075ce7c3c1fd008b880f9130bc33304ef6d4a4	sources/videos/youtube-mB9ta-By88M.md
atomic	2e075ce7c3c1fd008b880f9130bc33304ef6d4a4	sources/videos/youtube-mW3Uqqi61BM.md
atomic	2e075ce7c3c1fd008b880f9130bc33304ef6d4a4	sources/videos/youtube-n1NvtUwfRJc.md
atomic	2e075ce7c3c1fd008b880f9130bc33304ef6d4a4	sources/videos/youtube-nQRnKyVyMuQ.md
atomic	2e075ce7c3c1fd008b880f9130bc33304ef6d4a4	sources/videos/youtube-nbdJGCi29nQ.md
atomic	2e075ce7c3c1fd008b880f9130bc33304ef6d4a4	sources/videos/youtube-okPbbH-wjKs.md
atomic	2e075ce7c3c1fd008b880f9130bc33304ef6d4a4	sources/videos/youtube-otZQXG6Ry8Y.md
atomic	2e075ce7c3c1fd008b880f9130bc33304ef6d4a4	sources/videos/youtube-p5OMLjjts1c.md
atomic	2e075ce7c3c1fd008b880f9130bc33304ef6d4a4	sources/videos/youtube-pJ1T0REKh3o.md
atomic	2e075ce7c3c1fd008b880f9130bc33304ef6d4a4	sources/videos/youtube-pM0ostManF0.md
atomic	2e075ce7c3c1fd008b880f9130bc33304ef6d4a4	sources/videos/youtube-pzjjB7EcuE0.md
atomic	2e075ce7c3c1fd008b880f9130bc33304ef6d4a4	sources/videos/youtube-q7GqsDhWx3M.md
atomic	2e075ce7c3c1fd008b880f9130bc33304ef6d4a4	sources/videos/youtube-qHf1qo31-aw.md
atomic	2e075ce7c3c1fd008b880f9130bc33304ef6d4a4	sources/videos/youtube-qJDq68m4NTM.md
atomic	2e075ce7c3c1fd008b880f9130bc33304ef6d4a4	sources/videos/youtube-qN8Hv9km4Eo.md
atomic	2e075ce7c3c1fd008b880f9130bc33304ef6d4a4	sources/videos/youtube-qQJ6LCOSvmI.md
atomic	2e075ce7c3c1fd008b880f9130bc33304ef6d4a4	sources/videos/youtube-qap4m_FR2J0.md
atomic	2e075ce7c3c1fd008b880f9130bc33304ef6d4a4	sources/videos/youtube-qg_z290ukDY.md
atomic	2e075ce7c3c1fd008b880f9130bc33304ef6d4a4	sources/videos/youtube-qsozrTXfHoc.md
atomic	2e075ce7c3c1fd008b880f9130bc33304ef6d4a4	sources/videos/youtube-qxcpwO5_3Y8.md
atomic	2e075ce7c3c1fd008b880f9130bc33304ef6d4a4	sources/videos/youtube-qyVHzJ40JqM.md
atomic	2e075ce7c3c1fd008b880f9130bc33304ef6d4a4	sources/videos/youtube-qzUk8W1-2pw.md
atomic	2e075ce7c3c1fd008b880f9130bc33304ef6d4a4	sources/videos/youtube-rKAG3bHOYeY.md
atomic	2e075ce7c3c1fd008b880f9130bc33304ef6d4a4	sources/videos/youtube-rPefa_bT1tQ.md
atomic	2e075ce7c3c1fd008b880f9130bc33304ef6d4a4	sources/videos/youtube-rRcvZFcmCLU.md
atomic	2e075ce7c3c1fd008b880f9130bc33304ef6d4a4	sources/videos/youtube-rYnXOYkwAdw.md
atomic	2e075ce7c3c1fd008b880f9130bc33304ef6d4a4	sources/videos/youtube-rxRyxD8-tyM.md
atomic	2e075ce7c3c1fd008b880f9130bc33304ef6d4a4	sources/videos/youtube-ryG07ohauT0.md
atomic	2e075ce7c3c1fd008b880f9130bc33304ef6d4a4	sources/videos/youtube-s4moCCh2zDE.md
atomic	2e075ce7c3c1fd008b880f9130bc33304ef6d4a4	sources/videos/youtube-sAHuBJ6tOUc.md
atomic	2e075ce7c3c1fd008b880f9130bc33304ef6d4a4	sources/videos/youtube-sxtFoODc9vw.md
atomic	2e075ce7c3c1fd008b880f9130bc33304ef6d4a4	sources/videos/youtube-syyJEaxHEck.md
atomic	2e075ce7c3c1fd008b880f9130bc33304ef6d4a4	sources/videos/youtube-tYYMoZGEzCc.md
atomic	2e075ce7c3c1fd008b880f9130bc33304ef6d4a4	sources/videos/youtube-uSuF9nMIIos.md
atomic	2e075ce7c3c1fd008b880f9130bc33304ef6d4a4	sources/videos/youtube-uiGq9vjwrF0.md
atomic	2e075ce7c3c1fd008b880f9130bc33304ef6d4a4	sources/videos/youtube-unwAKlCdyas.md
atomic	2e075ce7c3c1fd008b880f9130bc33304ef6d4a4	sources/videos/youtube-utqUOWRP2Ic.md
atomic	2e075ce7c3c1fd008b880f9130bc33304ef6d4a4	sources/videos/youtube-uvgwU0raLRY.md
atomic	2e075ce7c3c1fd008b880f9130bc33304ef6d4a4	sources/videos/youtube-viY7DW2muoM.md
atomic	2e075ce7c3c1fd008b880f9130bc33304ef6d4a4	sources/videos/youtube-vnkm0Dvn_Ys.md
atomic	2e075ce7c3c1fd008b880f9130bc33304ef6d4a4	sources/videos/youtube-wGHWxQWigeM.md
atomic	2e075ce7c3c1fd008b880f9130bc33304ef6d4a4	sources/videos/youtube-wSn2YGY4rCY.md
atomic	2e075ce7c3c1fd008b880f9130bc33304ef6d4a4	sources/videos/youtube-wnxdG5rJ0oo.md
atomic	2e075ce7c3c1fd008b880f9130bc33304ef6d4a4	sources/videos/youtube-wp2V4p0JG-I.md
atomic	2e075ce7c3c1fd008b880f9130bc33304ef6d4a4	sources/videos/youtube-xJDOuZzEAQc.md
atomic	2e075ce7c3c1fd008b880f9130bc33304ef6d4a4	sources/videos/youtube-xKSN3yjThf8.md
atomic	2e075ce7c3c1fd008b880f9130bc33304ef6d4a4	sources/videos/youtube-xP8yl5HItY0.md
atomic	2e075ce7c3c1fd008b880f9130bc33304ef6d4a4	sources/videos/youtube-xW8L-6u6nko.md
atomic	2e075ce7c3c1fd008b880f9130bc33304ef6d4a4	sources/videos/youtube-xrqCMaCz-Gs.md
atomic	2e075ce7c3c1fd008b880f9130bc33304ef6d4a4	sources/videos/youtube-ykIGsn4B4Ek.md
atomic	2e075ce7c3c1fd008b880f9130bc33304ef6d4a4	sources/videos/youtube-yuN8Y870rp0.md
atomic	2e075ce7c3c1fd008b880f9130bc33304ef6d4a4	sources/videos/youtube-zkExLv1Gdxs.md
atomic	2e075ce7c3c1fd008b880f9130bc33304ef6d4a4	sources/videos/youtube-zoSQsVZfIcc.md
atomic	2e075ce7c3c1fd008b880f9130bc33304ef6d4a4	sources/videos/youtube-zoewhwUu3UQ.md
atomic	2e075ce7c3c1fd008b880f9130bc33304ef6d4a4	tests/README.md
acquisition	e051201d29f6f0993d1541173d57aed305449ac3	.github/workflows/materialize-a1-source-artifact.yml
acquisition	e051201d29f6f0993d1541173d57aed305449ac3	README.md
acquisition	e051201d29f6f0993d1541173d57aed305449ac3	_/bootstrap/part-00
acquisition	e051201d29f6f0993d1541173d57aed305449ac3	_/bootstrap/part-01
acquisition	e051201d29f6f0993d1541173d57aed305449ac3	_work/a1-video-source-acquisition/-SunMqEV-kE.json
acquisition	e051201d29f6f0993d1541173d57aed305449ac3	_work/a1-video-source-acquisition/0m-nBL2N8l4.json
acquisition	e051201d29f6f0993d1541173d57aed305449ac3	_work/a1-video-source-acquisition/3uvc5v4ssJM.json
acquisition	e051201d29f6f0993d1541173d57aed305449ac3	_work/a1-video-source-acquisition/CWuOrHAEr-k.json
acquisition	e051201d29f6f0993d1541173d57aed305449ac3	_work/a1-video-source-acquisition/H9LYrjbFj6I.json
acquisition	e051201d29f6f0993d1541173d57aed305449ac3	_work/a1-video-source-acquisition/KnUFH5GX_fI.json
acquisition	e051201d29f6f0993d1541173d57aed305449ac3	_work/a1-video-source-acquisition/Q0N-f7J36HE.json
acquisition	e051201d29f6f0993d1541173d57aed305449ac3	_work/a1-video-source-acquisition/QUX76rwzBTc.json
acquisition	e051201d29f6f0993d1541173d57aed305449ac3	_work/a1-video-source-acquisition/QUubgWPLctk.json
acquisition	e051201d29f6f0993d1541173d57aed305449ac3	_work/a1-video-source-acquisition/X3Crh_URvrk.json
acquisition	e051201d29f6f0993d1541173d57aed305449ac3	_work/a1-video-source-acquisition/gemBQAsdfkc.json
acquisition	e051201d29f6f0993d1541173d57aed305449ac3	_work/a1-video-source-acquisition/lv9YjOHAh_0.json
acquisition	e051201d29f6f0993d1541173d57aed305449ac3	_work/a1-video-source-acquisition/mB9ta-By88M.json
acquisition	e051201d29f6f0993d1541173d57aed305449ac3	_work/a1-video-source-acquisition/manifest.json
acquisition	e051201d29f6f0993d1541173d57aed305449ac3	_work/a1-video-source-acquisition/p5OMLjjts1c.json
acquisition	e051201d29f6f0993d1541173d57aed305449ac3	_work/a1-video-source-acquisition/pzjjB7EcuE0.json
acquisition	e051201d29f6f0993d1541173d57aed305449ac3	_work/a1-video-source-acquisition/qQJ6LCOSvmI.json
acquisition	e051201d29f6f0993d1541173d57aed305449ac3	_work/a1-video-source-acquisition/qyVHzJ40JqM.json
acquisition	e051201d29f6f0993d1541173d57aed305449ac3	_work/a1-video-source-acquisition/rYnXOYkwAdw.json
acquisition	e051201d29f6f0993d1541173d57aed305449ac3	_work/a1-video-source-acquisition/rxRyxD8-tyM.json
acquisition	e051201d29f6f0993d1541173d57aed305449ac3	_work/a1-video-source-acquisition/s4moCCh2zDE.json
acquisition	e051201d29f6f0993d1541173d57aed305449ac3	_work/a1-video-source-acquisition/sAHuBJ6tOUc.json
acquisition	e051201d29f6f0993d1541173d57aed305449ac3	_work/a1-video-source-acquisition/sxtFoODc9vw.json
acquisition	e051201d29f6f0993d1541173d57aed305449ac3	_work/a1-video-source-acquisition/syyJEaxHEck.json
acquisition	e051201d29f6f0993d1541173d57aed305449ac3	_work/a1-video-source-acquisition/unwAKlCdyas.json
acquisition	e051201d29f6f0993d1541173d57aed305449ac3	_work/a1-video-source-acquisition/vnkm0Dvn_Ys.json
acquisition	e051201d29f6f0993d1541173d57aed305449ac3	_work/a1-video-source-acquisition/wSn2YGY4rCY.json
acquisition	e051201d29f6f0993d1541173d57aed305449ac3	brakes/README.md
acquisition	e051201d29f6f0993d1541173d57aed305449ac3	brakes/cases/001-long-pedal-hot-wheel.md
acquisition	e051201d29f6f0993d1541173d57aed305449ac3	brakes/questions.md
acquisition	e051201d29f6f0993d1541173d57aed305449ac3	brakes/sources/notes/abs-wheel-speed-stability.md
acquisition	e051201d29f6f0993d1541173d57aed305449ac3	brakes/sources/notes/boosters-valves-switches.md
acquisition	e051201d29f6f0993d1541173d57aed305449ac3	brakes/sources/notes/diagnosis-inspection-general.md
acquisition	e051201d29f6f0993d1541173d57aed305449ac3	brakes/sources/notes/disc-brakes-calipers-pads.md
acquisition	e051201d29f6f0993d1541173d57aed305449ac3	brakes/sources/notes/drum-parking-brakes.md
acquisition	e051201d29f6f0993d1541173d57aed305449ac3	brakes/sources/notes/hydraulics-bleeding-lines-master-cylinder.md
acquisition	e051201d29f6f0993d1541173d57aed305449ac3	brakes/sources/notes/rotors-runout-bedding-noise.md
acquisition	e051201d29f6f0993d1541173d57aed305449ac3	brakes/sources/playlist.md
acquisition	e051201d29f6f0993d1541173d57aed305449ac3	brakes/sources/urls.txt
acquisition	e051201d29f6f0993d1541173d57aed305449ac3	engine-repair/README.md
acquisition	e051201d29f6f0993d1541173d57aed305449ac3	engine-repair/sources/notes/adjacent-cross-area.md
acquisition	e051201d29f6f0993d1541173d57aed305449ac3	engine-repair/sources/notes/gaskets-assembly-rebuild.md
acquisition	e051201d29f6f0993d1541173d57aed305449ac3	engine-repair/sources/notes/general-design-diagnosis-crankcase.md
acquisition	e051201d29f6f0993d1541173d57aed305449ac3	engine-repair/sources/notes/inspection-measurement-blueprinting.md
acquisition	e051201d29f6f0993d1541173d57aed305449ac3	engine-repair/sources/notes/pistons-rings-rods-cylinders.md
acquisition	e051201d29f6f0993d1541173d57aed305449ac3	engine-repair/sources/playlist.md
acquisition	e051201d29f6f0993d1541173d57aed305449ac3	engine-repair/sources/urls.txt
acquisition	e051201d29f6f0993d1541173d57aed305449ac3	notes/electrarc240-480v-context.md
acquisition	e051201d29f6f0993d1541173d57aed305449ac3	notes/electrarc240.md
acquisition	e051201d29f6f0993d1541173d57aed305449ac3	tests/README.md
