question_id	expected	retrieved	overlap
H01	steering-idle-effort	steering-idle-effort;alignment-integrity;brake-travel	True
H02	steering-aeration-noise	steering-aeration-noise;steering-architecture;steering-idle-effort	True
H03	steering-asymmetry	steering-asymmetry;steering-architecture;steering-idle-effort	True
H04	steering-eps-intermittent	steering-eps-intermittent;steering-architecture;brake-heat	True
H05	steering-mechanical-binding	steering-mechanical-binding;steering-architecture;alignment-integrity	True
H06	steering-return-pull	steering-return-pull;torque-conflict;steering-architecture	True
H07	steering-ehps-noise	steering-ehps-noise;steering-architecture;steering-aeration-noise	True
H08	steering-architecture	steering-architecture;steering-idle-effort;steering-eps-intermittent	True
H09	brake-travel	brake-travel;brake-heat;steering-ehps-noise	True
H10	brake-heat	brake-heat;steering-asymmetry;alignment-integrity	True
H11	alignment-integrity	alignment-integrity;torque-conflict;steering-idle-effort	True
H12	alignment-integrity	alignment-integrity;steering-mechanical-binding;steering-asymmetry	True
H13	torque-conflict	torque-conflict;alignment-integrity	True
H14	NONE	steering-aeration-noise;steering-ehps-noise;steering-eps-intermittent	False
H15	brake-travel	steering-architecture;brake-travel;brake-heat	True
